产品名称,航线,订座舱位,上浮价格/直减,政策返点,产品代码,出票OFFICE,备注,产品有限期,航司结算方式
1、增值经济舱Q舱,所有航线,Q舱  GQQ1,上浮16%-20%,60,GQQ1,KMG319/KMG279/CTU152/SZX146,"权益:
-前排座位:经济舱前三排座位;()餐食权益:免费机上餐点一份行李权益:免费托运行李额20KG及1件手提行李(7KG20*40*55cm)
(四) Q无代金券
(五)地面权益:为旅客提供登机口优先登机服务(可享受城市: 北京大兴、西安青岛、海口、丽江、杭州、石家庄出港航班，其他城市暂未开通)(六) 额外积分奖励如果乘客为金鹏会员(积分累积仅限金鹏会员旅客)，购票后除基础消费累积8积分110元以外，可额外累积3积分/10元，共11积分/10元: 定级航段为1。(七)自愿改期、退票手续费优惠:(八)免费提供行程单快递服务(仅限首航官网、首航APP、首航官方旗舰店、首航呼叫中心渠道)。",有效,
2、商旅优选Q舱,所有航线,Q PXQ1,上浮16%-20%,10/70,PXQ1,KMG319/KMG279/CTU152/SZX146,基于Q舱代理费上浮10元/段(70元/段）,有效,
3、超值经济舱W舱,所有航线,R-K 超值经济舱W(PCJ1),上浮YB24%-25%,80,PCJ1,KMG319/KMG279/CTU152/SZX146,"权益:
-前排座位:经济舱前三排座位(餐食权益:免费机上餐点一份:(三)行李权益:免费托运行李额20KG及1件手提行李(7KG,20*40*55cm)(四)50元国内机票代金券(仅限现官网、公众号、APP/H5等自有渠道购买旅客)(五)地面权益:旅客出行可享受专属值机柜台、优先登机、公务舱贵宾室及优先行李提取相关地面保障服务 (可享受城市: 北京大兴、西安、青岛、海口、丽江、杭州、石家庄出港航班，其他城市暂未开通)(六)额外积分奖励如果乘客为金鹏会员(积分累积仅限金鹏会员旅客)，购票后除基础消费累积8积分110元以外，可额外累积3积分/10元，共11积分/10元; 定级航段为1(七)自愿改期、退票手续费优惠(八)免费提供行程单快递服务 (仅限首航官网、首航APP、首航官方旗舰店、首航呼叫中心渠道)。",有效,
3、超值经济舱W舱,所有航线,商旅优选W舱  PXW1,上浮YB24%-25%,10,PXW1,KMG319/KMG279/CTU152/SZX146,经济舱外放溢价25折左右，提供前三排及餐食、行李及其他地面权益;代理费:80元/航段,有效,
3、超值经济舱W舱,所有航线,超订团队W舱  PCW1,上浮YB24%-25%,10,PCW1,KMG319/KMG279/CTU152/SZX146,基于W舱代理费上浮10元/段,有效,
4、“特惠行李”E,所有航线,E舱  PYE1（包含H/K/L/M/X//N/A/U/T/R 舱位。                                              航线：北京大兴进出港,上浮50元,10元,PYE1,KMG319/KMG279/CTU152/SZX146,"当外放最低散客舱位价格为 X 舱（不含）以下时，上浮XX 元,上浮后运价以使用 PAT：A 指令系统自动获取为准，详见下发的产品销售政策。
注：E 舱价格是以该航班经济舱外放最低散客基础舱位
价格上上浮，且 E 舱价格不得高于经济舱公布普通票价。（一）行李权益：旅客可享受 20KG 免费托运行李额及 1
件手提行李（规格为 7KG，20×30×40cm）。
（二）退改优惠权益：自愿改期、退票手续费优惠（详
见自愿改期、退票条款）。",有效,
5、特惠行李E舱,所有航线,运价代码：PYE1,上浮50元,10元/35元,PYE1,KMG319/KMG279/CTU152/SZX146,根据航段不同，溢价不同，提供20KG托运行李,有效,
6、商旅优选E舱,所有航线,运价标识：PXE1,上浮50元,10,PXE1,KMG319/KMG279/CTU152/SZX146,基于E舱代理费上浮10元/段,有效,
7、优享变更,所有航线,运价标识：PTGH1,150,40,PTGH1,KMG319/KMG279/CTU152/SZX146,外放溢价150元，提供免变更费服务权益,有效,航司结算方式
8、首悦经济舱 P 舱产品,所有航线,订P舱  PPC1/PPC3  （N-B）,下浮2%-4%,0,PPC1/PPC3,KMG319/KMG279/CTU152/SZX146,"免费托运行李额：参照下浮前原舱位规定（V\N 舱行李额为
0，其他舱位 10KG,如有运价调整，参见最新运价公布）；                                         4小时含以内100%，4小时-72小时85%，有单独文件客规，参照文件执行",有效,
9、超值公务舱,所有航线,订Z舱 （PYY1）,下浮2%-4%,20,PYY1,KMG319/KMG279/CTU152/SZX146,"1、经济舱联动上浮，适用舱位:Y/H/K/L/M/X/V/N/A/U/T;
2、服务同正价公务舱服务(地面、空中均适用);
3、代理费:20元/段;
4、行李:手提:2件、7KG/件:托运:30KG:
5、有消费积分。",有效,
10、空中公务舱I,所有航线,订I舱  （PLX1）,下浮2%-4%,20,PLX1,KMG319/KMG279/CTU152/SZX146,"1、经济舱联动上浮，适用舱位:Y/H/K/L/M/X/V/N/A/U/T;
2、机上享受公务舱服务，地面不享受;
3、代理费:20元/段;
4、行李:手提:2件、7KG/件;托运:30KG。
5、有消费积分。",有效,
11、首都航空畅行无忧“机+X”,所有航线 ,H/K/L/M/X/V/N/A/U/T,30,20,PYR1,KMG319/KMG279/CTU152/SZX146,"自愿退票：

1.该产品客票的订座舱位参照现行国内航班多等级舱位管理规定执行办理，以原舱位计算及收取退票费用",有效,
11、首都航空畅行无忧“机+X”,所有航线  ,H/K/L/M/X/V/N/A/U/T,60,40,PYQ1,KMG319/KMG279/CTU152/SZX146,"自愿退票：

1.该产品客票的订座舱位参照现行国内航班多等级舱位管理规定执行办理，以原舱位计算及收取退票费用",有效,前返
12、首都航空畅行无忧“机+X”,所有航线,H/K/L/M/X/V/N/A/U/T,100,70,PYU1,KMG319/KMG279/CTU152/SZX146,"“票价级别/客票类别”（FARE BASIS）栏：订座舱位+
产品代码+上浮固定金额。如：N（订座舱位）+产品代码
PYQ1+100（上浮金额）（例：NPYQ1100）。",有效,
12、首飞有礼,所有航线,"产品权益：20KG 免费托运行李额（其中，在原舱位
H/K/L/M/X舱基础上增加 10KG 行李额，在原舱位V/N/A/U/T/R基础上增加 20KG 行李额）            （25年1月15日重要注意市场，产品必须用指令指令拼运价以及选择对应的运价）                   PAT A@?170",170,50,PAS1,KMG319/KMG279/CTU152/SZX146,BSP：PAT:A#CPAS1/ GP:PAT:A#CPAS1/CGP/CC,有效,
12、首飞有礼,所有航线,"产品权益：20KG 免费托运行李额（其中，在原舱位
H/K/L/M/X舱基础上增加 10KG 行李额，在原舱位V/N/A/U/T/R基础上增加 20KG 行李额）            （25年1月15日重要注意市场，产品必须用指令指令拼运价以及选择对应的运价）                   PAT A@?170",350,160,PBS1,KMG319/KMG279/CTU152/SZX146,BSP：PAT:A#CPBS1/ GP:PAT:A#CPBS1/CGP/CC,有效,前返
12、首飞有礼,所有航线,"产品权益：20KG 免费托运行李额（其中，在原舱位
H/K/L/M/X舱基础上增加 10KG 行李额，在原舱位V/N/A/U/T/R基础上增加 20KG 行李额）            （25年1月15日重要注意市场，产品必须用指令指令拼运价以及选择对应的运价）                   PAT A@?170",500,250,PCS1,KMG319/KMG279/CTU152/SZX146,BSP：PAT:A#CPCS1/ GP:PAT:A#CPCS1/CGP/CC,有效,前返
12、首飞有礼,所有航线,"产品权益：20KG 免费托运行李额（其中，在原舱位
H/K/L/M/X舱基础上增加 10KG 行李额，在原舱位V/N/A/U/T/R基础上增加 20KG 行李额）            （25年1月15日重要注意市场，产品必须用指令指令拼运价以及选择对应的运价）                   PAT A@?170",650,350,PDS1,KMG319/KMG279/CTU152/SZX146,BSP：PAT:A#CPDS1/ GP:PAT:A#CPDS1/CGP/CC,有效,前返
12、首飞有礼,所有航线,"产品权益：20KG 免费托运行李额（其中，在原舱位
H/K/L/M/X舱基础上增加 10KG 行李额，在原舱位V/N/A/U/T/R基础上增加 20KG 行李额）            （25年1月15日重要注意市场，产品必须用指令指令拼运价以及选择对应的运价）                   PAT A@?170",800,450,PES1,KMG319/KMG279/CTU152/SZX146,BSP：PAT:A#CPES1/ GP:PAT:A#CPES1/CGP/CC,有效,前返
12、首飞有礼,所有航线,"产品权益：20KG 免费托运行李额（其中，在原舱位
H/K/L/M/X舱基础上增加 10KG 行李额，在原舱位V/N/A/U/T/R基础上增加 20KG 行李额）            （25年1月15日重要注意市场，产品必须用指令指令拼运价以及选择对应的运价）                   PAT A@?170",1000,600,PFS1,KMG319/KMG279/CTU152/SZX146,BSP：PAT:A#CPFS1/ GP:PAT:A#CPFS1/CGP/CC,有效,前返
12、首飞有礼,所有航线,"产品权益：20KG 免费托运行李额（其中，在原舱位
H/K/L/M/X舱基础上增加 10KG 行李额，在原舱位V/N/A/U/T/R基础上增加 20KG 行李额）            （25年1月15日重要注意市场，产品必须用指令指令拼运价以及选择对应的运价）                   PAT A@?170",1500,900,PGS1,KMG319/KMG279/CTU152/SZX146,BSP：PAT:A#CPGS1/ GP:PAT:A#CPGS1/CGP/CC,有效,前返
13、倍多分积分溢价,所有航线,"1.产品价格基于经济舱 B/H/K/L/M/X/V/N/A/U/T（含子舱
位）公布运价固定上浮",180,30,,KMG319/KMG279/CTU152/SZX146,PJF1   1200 积分,有效,
13、倍多分积分溢价,所有航线,"1.产品价格基于经济舱 B/H/K/L/M/X/V/N/A/U/T（含子舱
位）公布运价固定上浮",360,80,,KMG319/KMG279/CTU152/SZX146,PBF1    2000 积分,有效,
13、倍多分积分溢价,所有航线,"1.产品价格基于经济舱 B/H/K/L/M/X/V/N/A/U/T（含子舱
位）公布运价固定上浮",600,150,,KMG319/KMG279/CTU152/SZX146,PGF1    4000积分,有效,
14、免改添翼,所有航线（指定航线）西安进出港和异地航线，具体参照文件）,K/L/M/X/V/N/A/U/T/P/A1/U1/T1/P1,300,100,,KMG319/KMG279/CTU152/SZX146,MGTA1,有效,
14、免改添翼,所有航线（指定航线）西安进出港和异地航线，具体参照文件）,K/L/M/X/V/N/A/U/T/P/A1/U1/T1/P1,500,200,,KMG319/KMG279/CTU152/SZX146,MGTB1,有效,
14、免改添翼,所有航线（指定航线）西安进出港和异地航线，具体参照文件）,K/L/M/X/V/N/A/U/T/P/A1/U1/T1/P1,700,350,,KMG319/KMG279/CTU152/SZX146,MGTC1,有效,
往返无忧,JHG-PKX/LJG-CAN/SJW-HAK/ENH-NKG/INC-CAN/NKG-HAK/XIY-YYA/TFU-SYX/WDS-NKG/YNZ-KWE/HSC-XIY/HAK-TYN/KWL-LYI/XIY-HAK/TFU-LJG/SYX-TYN/XIY-HCZ/XIY-YIC/WUH-HAK/HAK-TNA/SYX-TSN/SYX-KHN/YNT-WUH/NNG-SWA/LJG-WDS/SHE-WDS/SJW-GYS/HAK-XIY/FOC-SYX/TFU-HAK/CKG-CAN/XIY-YIN/SJW-XIY/YIH-KWE/NNG-SYX/SWA-NKG/SJW-ZQZ/YIC-XIY/KWE-YIH/HAK-KWE/BZX-TAO/YYA-HAK/SJW-HGH/SJW-LJG/HCZ-NKG/KWE-LJG/HQQ-HRB/NNY-HGH/SHS-TAO/JHG-HGH/CGQ-TYN/SYX-LYI/CGO-KRL/WMT-HFE/HRB-HQQ/SYX-HQQ/HRB-SZX/CGO-LJG/NKG-ENH/ENH-HAK/IQN-HGH/XIY-SJW/YIC-SYX/JJN-SYX/HRB-FUG/CIF-SJW/ZUH-LJG/LYI-KWL/NNG-SHS/XMN-TXN/TYN-HAK/ENH-HGH/LJG-ZUH/TAO-CSX/CGO-HAK/TAO-HFE/AKA-HGH/XNN-KHN/HAK-HZA/KWE-HAK/XIY-ENH/NKG-HCZ/HGH-NNY/JJN-DXJ/HFE-LJG/SZX-HAK/HGH-ZHY/HFE-WMT/SYX-CGO/NKG-TAO/XIY-HSC/WDS-HAK/NKG-WDS/LJG-NNG/ERL-PKX/CGO-SYX/KHN-XNN/LJG-KHN/HGH-AKA/JJN-YNZ/ENY-NKG/ENH-XIY/HGH-ENH/XMN-LJG/HQQ-SYX/LJG-XMN/GYS-HAK/SHS-NNG/NZH-PKX/SJW-YIH/HFE-HAK/CKG-LJG/TAO-NKG/TXN-XMN/NKG-SWA/TAO-BZX/SWA-HAK/TYN-SYX/WDS-LJG/KWL-HAK/NNG-BZX/LYI-SYX/LJG-WMT/KHN-LJG/DZH-HAK/TAO-SHS/HZA-HAK/NNG-LJG/XMN-KMG/DXJ-XIY/YNZ-JJN/TSN-SYX/KHN-SYX/ENY-INC/SJW-DZH/CSX-HAK/TNA-HAK/PKX-NZH/BZX-NNG/INC-ENY/ZUH-HAK/ZHY-HGH/YYA-XIY/WMT-LJG/ZQZ-SJW/ZHY-XNN/XNN-ZHY/DXJ-JJN/XIY-DXJ/YIE-PKX/PKX-YIE  直减,V/N,5%,,PWF3,KMG319/KMG279/CTU152/SZX146,"提前天数：
需航班起飞前3天销售日期:2026年3月13日至2026年4月30日",有效,
,JHG-PKX/LJG-CAN/SJW-HAK/ENH-NKG/INC-CAN/NKG-HAK/XIY-YYA/TFU-SYX/WDS-NKG/YNZ-KWE/HSC-XIY/HAK-TYN/KWL-LYI/XIY-HAK/TFU-LJG/SYX-TYN/XIY-HCZ/XIY-YIC/WUH-HAK/HAK-TNA/SYX-TSN/SYX-KHN/YNT-WUH/NNG-SWA/LJG-WDS/SHE-WDS/SJW-GYS/HAK-XIY/FOC-SYX/TFU-HAK/CKG-CAN/XIY-YIN/SJW-XIY/YIH-KWE/NNG-SYX/SWA-NKG/SJW-ZQZ/YIC-XIY/KWE-YIH/HAK-KWE/BZX-TAO/YYA-HAK/SJW-HGH/SJW-LJG/HCZ-NKG/KWE-LJG/HQQ-HRB/NNY-HGH/SHS-TAO/JHG-HGH/CGQ-TYN/SYX-LYI/CGO-KRL/WMT-HFE/HRB-HQQ/SYX-HQQ/HRB-SZX/CGO-LJG/NKG-ENH/ENH-HAK/IQN-HGH/XIY-SJW/YIC-SYX/JJN-SYX/HRB-FUG/CIF-SJW/ZUH-LJG/LYI-KWL/NNG-SHS/XMN-TXN/TYN-HAK/ENH-HGH/LJG-ZUH/TAO-CSX/CGO-HAK/TAO-HFE/AKA-HGH/XNN-KHN/HAK-HZA/KWE-HAK/XIY-ENH/NKG-HCZ/HGH-NNY/JJN-DXJ/HFE-LJG/SZX-HAK/HGH-ZHY/HFE-WMT/SYX-CGO/NKG-TAO/XIY-HSC/WDS-HAK/NKG-WDS/LJG-NNG/ERL-PKX/CGO-SYX/KHN-XNN/LJG-KHN/HGH-AKA/JJN-YNZ/ENY-NKG/ENH-XIY/HGH-ENH/XMN-LJG/HQQ-SYX/LJG-XMN/GYS-HAK/SHS-NNG/NZH-PKX/SJW-YIH/HFE-HAK/CKG-LJG/TAO-NKG/TXN-XMN/NKG-SWA/TAO-BZX/SWA-HAK/TYN-SYX/WDS-LJG/KWL-HAK/NNG-BZX/LYI-SYX/LJG-WMT/KHN-LJG/DZH-HAK/TAO-SHS/HZA-HAK/NNG-LJG/XMN-KMG/DXJ-XIY/YNZ-JJN/TSN-SYX/KHN-SYX/ENY-INC/SJW-DZH/CSX-HAK/TNA-HAK/PKX-NZH/BZX-NNG/INC-ENY/ZUH-HAK/ZHY-HGH/YYA-XIY/WMT-LJG/ZQZ-SJW/ZHY-XNN/XNN-ZHY/DXJ-JJN/XIY-DXJ/YIE-PKX/PKX-YIE  直减,A/U/T,8%,,PWF3,KMG319/KMG279/CTU152/SZX146,,有效,
,JHG-PKX/LJG-CAN/SJW-HAK/ENH-NKG/INC-CAN/NKG-HAK/XIY-YYA/TFU-SYX/WDS-NKG/YNZ-KWE/HSC-XIY/HAK-TYN/KWL-LYI/XIY-HAK/TFU-LJG/SYX-TYN/XIY-HCZ/XIY-YIC/WUH-HAK/HAK-TNA/SYX-TSN/SYX-KHN/YNT-WUH/NNG-SWA/LJG-WDS/SHE-WDS/SJW-GYS/HAK-XIY/FOC-SYX/TFU-HAK/CKG-CAN/XIY-YIN/SJW-XIY/YIH-KWE/NNG-SYX/SWA-NKG/SJW-ZQZ/YIC-XIY/KWE-YIH/HAK-KWE/BZX-TAO/YYA-HAK/SJW-HGH/SJW-LJG/HCZ-NKG/KWE-LJG/HQQ-HRB/NNY-HGH/SHS-TAO/JHG-HGH/CGQ-TYN/SYX-LYI/CGO-KRL/WMT-HFE/HRB-HQQ/SYX-HQQ/HRB-SZX/CGO-LJG/NKG-ENH/ENH-HAK/IQN-HGH/XIY-SJW/YIC-SYX/JJN-SYX/HRB-FUG/CIF-SJW/ZUH-LJG/LYI-KWL/NNG-SHS/XMN-TXN/TYN-HAK/ENH-HGH/LJG-ZUH/TAO-CSX/CGO-HAK/TAO-HFE/AKA-HGH/XNN-KHN/HAK-HZA/KWE-HAK/XIY-ENH/NKG-HCZ/HGH-NNY/JJN-DXJ/HFE-LJG/SZX-HAK/HGH-ZHY/HFE-WMT/SYX-CGO/NKG-TAO/XIY-HSC/WDS-HAK/NKG-WDS/LJG-NNG/ERL-PKX/CGO-SYX/KHN-XNN/LJG-KHN/HGH-AKA/JJN-YNZ/ENY-NKG/ENH-XIY/HGH-ENH/XMN-LJG/HQQ-SYX/LJG-XMN/GYS-HAK/SHS-NNG/NZH-PKX/SJW-YIH/HFE-HAK/CKG-LJG/TAO-NKG/TXN-XMN/NKG-SWA/TAO-BZX/SWA-HAK/TYN-SYX/WDS-LJG/KWL-HAK/NNG-BZX/LYI-SYX/LJG-WMT/KHN-LJG/DZH-HAK/TAO-SHS/HZA-HAK/NNG-LJG/XMN-KMG/DXJ-XIY/YNZ-JJN/TSN-SYX/KHN-SYX/ENY-INC/SJW-DZH/CSX-HAK/TNA-HAK/PKX-NZH/BZX-NNG/INC-ENY/ZUH-HAK/ZHY-HGH/YYA-XIY/WMT-LJG/ZQZ-SJW/ZHY-XNN/XNN-ZHY/DXJ-JJN/XIY-DXJ/YIE-PKX/PKX-YIE  直减,Y/H/K/L/M/X,0%,,,KMG319/KMG279/CTU152/SZX146,,有效,
往返无忧PWF3A,JHG-PKX/LJG-CAN/SJW-HAK/ENH-NKG/INC-CAN/NKG-HAK/XIY-YYA/TFU-SYX/WDS-NKG/YNZ-KWE/HSC-XIY/HAK-TYN/KWL-LYI/XIY-HAK/TFU-LJG/SYX-TYN/XIY-HCZ/XIY-YIC/WUH-HAK/HAK-TNA/SYX-TSN/SYX-KHN/YNT-WUH/NNG-SWA/LJG-WDS/SHE-WDS/SJW-GYS/HAK-XIY/FOC-SYX/TFU-HAK/CKG-CAN/XIY-YIN/SJW-XIY/YIH-KWE/NNG-SYX/SWA-NKG/SJW-ZQZ/YIC-XIY/KWE-YIH/HAK-KWE/BZX-TAO/YYA-HAK/SJW-HGH/SJW-LJG/HCZ-NKG/KWE-LJG/HQQ-HRB/NNY-HGH/SHS-TAO/JHG-HGH/CGQ-TYN/SYX-LYI/CGO-KRL/WMT-HFE/HRB-HQQ/SYX-HQQ/HRB-SZX/CGO-LJG/NKG-ENH/ENH-HAK/IQN-HGH/XIY-SJW/YIC-SYX/JJN-SYX/HRB-FUG/CIF-SJW/ZUH-LJG/LYI-KWL/NNG-SHS/XMN-TXN/TYN-HAK/ENH-HGH/LJG-ZUH/TAO-CSX/CGO-HAK/TAO-HFE/AKA-HGH/XNN-KHN/HAK-HZA/KWE-HAK/XIY-ENH/NKG-HCZ/HGH-NNY/JJN-DXJ/HFE-LJG/SZX-HAK/HGH-ZHY/HFE-WMT/SYX-CGO/NKG-TAO/XIY-HSC/WDS-HAK/NKG-WDS/LJG-NNG/ERL-PKX/CGO-SYX/KHN-XNN/LJG-KHN/HGH-AKA/JJN-YNZ/ENY-NKG/ENH-XIY/HGH-ENH/XMN-LJG/HQQ-SYX/LJG-XMN/GYS-HAK/SHS-NNG/NZH-PKX/SJW-YIH/HFE-HAK/CKG-LJG/TAO-NKG/TXN-XMN/NKG-SWA/TAO-BZX/SWA-HAK/TYN-SYX/WDS-LJG/KWL-HAK/NNG-BZX/LYI-SYX/LJG-WMT/KHN-LJG/DZH-HAK/TAO-SHS/HZA-HAK/NNG-LJG/XMN-KMG/DXJ-XIY/YNZ-JJN/TSN-SYX/KHN-SYX/ENY-INC/SJW-DZH/CSX-HAK/TNA-HAK/PKX-NZH/BZX-NNG/INC-ENY/ZUH-HAK/ZHY-HGH/YYA-XIY/WMT-LJG/ZQZ-SJW/ZHY-XNN/XNN-ZHY/DXJ-JJN/XIY-DXJ/YIE-PKX/PKX-YIE  直减,V/N,5%,,PWF3,KMG319/KMG279/CTU152/SZX146,,有效,
,JHG-PKX/LJG-CAN/SJW-HAK/ENH-NKG/INC-CAN/NKG-HAK/XIY-YYA/TFU-SYX/WDS-NKG/YNZ-KWE/HSC-XIY/HAK-TYN/KWL-LYI/XIY-HAK/TFU-LJG/SYX-TYN/XIY-HCZ/XIY-YIC/WUH-HAK/HAK-TNA/SYX-TSN/SYX-KHN/YNT-WUH/NNG-SWA/LJG-WDS/SHE-WDS/SJW-GYS/HAK-XIY/FOC-SYX/TFU-HAK/CKG-CAN/XIY-YIN/SJW-XIY/YIH-KWE/NNG-SYX/SWA-NKG/SJW-ZQZ/YIC-XIY/KWE-YIH/HAK-KWE/BZX-TAO/YYA-HAK/SJW-HGH/SJW-LJG/HCZ-NKG/KWE-LJG/HQQ-HRB/NNY-HGH/SHS-TAO/JHG-HGH/CGQ-TYN/SYX-LYI/CGO-KRL/WMT-HFE/HRB-HQQ/SYX-HQQ/HRB-SZX/CGO-LJG/NKG-ENH/ENH-HAK/IQN-HGH/XIY-SJW/YIC-SYX/JJN-SYX/HRB-FUG/CIF-SJW/ZUH-LJG/LYI-KWL/NNG-SHS/XMN-TXN/TYN-HAK/ENH-HGH/LJG-ZUH/TAO-CSX/CGO-HAK/TAO-HFE/AKA-HGH/XNN-KHN/HAK-HZA/KWE-HAK/XIY-ENH/NKG-HCZ/HGH-NNY/JJN-DXJ/HFE-LJG/SZX-HAK/HGH-ZHY/HFE-WMT/SYX-CGO/NKG-TAO/XIY-HSC/WDS-HAK/NKG-WDS/LJG-NNG/ERL-PKX/CGO-SYX/KHN-XNN/LJG-KHN/HGH-AKA/JJN-YNZ/ENY-NKG/ENH-XIY/HGH-ENH/XMN-LJG/HQQ-SYX/LJG-XMN/GYS-HAK/SHS-NNG/NZH-PKX/SJW-YIH/HFE-HAK/CKG-LJG/TAO-NKG/TXN-XMN/NKG-SWA/TAO-BZX/SWA-HAK/TYN-SYX/WDS-LJG/KWL-HAK/NNG-BZX/LYI-SYX/LJG-WMT/KHN-LJG/DZH-HAK/TAO-SHS/HZA-HAK/NNG-LJG/XMN-KMG/DXJ-XIY/YNZ-JJN/TSN-SYX/KHN-SYX/ENY-INC/SJW-DZH/CSX-HAK/TNA-HAK/PKX-NZH/BZX-NNG/INC-ENY/ZUH-HAK/ZHY-HGH/YYA-XIY/WMT-LJG/ZQZ-SJW/ZHY-XNN/XNN-ZHY/DXJ-JJN/XIY-DXJ/YIE-PKX/PKX-YIE,A/U/T,8%,,PWF3,KMG319/KMG279/CTU152/SZX146,,有效,
,JHG-PKX/LJG-CAN/SJW-HAK/ENH-NKG/INC-CAN/NKG-HAK/XIY-YYA/TFU-SYX/WDS-NKG/YNZ-KWE/HSC-XIY/HAK-TYN/KWL-LYI/XIY-HAK/TFU-LJG/SYX-TYN/XIY-HCZ/XIY-YIC/WUH-HAK/HAK-TNA/SYX-TSN/SYX-KHN/YNT-WUH/NNG-SWA/LJG-WDS/SHE-WDS/SJW-GYS/HAK-XIY/FOC-SYX/TFU-HAK/CKG-CAN/XIY-YIN/SJW-XIY/YIH-KWE/NNG-SYX/SWA-NKG/SJW-ZQZ/YIC-XIY/KWE-YIH/HAK-KWE/BZX-TAO/YYA-HAK/SJW-HGH/SJW-LJG/HCZ-NKG/KWE-LJG/HQQ-HRB/NNY-HGH/SHS-TAO/JHG-HGH/CGQ-TYN/SYX-LYI/CGO-KRL/WMT-HFE/HRB-HQQ/SYX-HQQ/HRB-SZX/CGO-LJG/NKG-ENH/ENH-HAK/IQN-HGH/XIY-SJW/YIC-SYX/JJN-SYX/HRB-FUG/CIF-SJW/ZUH-LJG/LYI-KWL/NNG-SHS/XMN-TXN/TYN-HAK/ENH-HGH/LJG-ZUH/TAO-CSX/CGO-HAK/TAO-HFE/AKA-HGH/XNN-KHN/HAK-HZA/KWE-HAK/XIY-ENH/NKG-HCZ/HGH-NNY/JJN-DXJ/HFE-LJG/SZX-HAK/HGH-ZHY/HFE-WMT/SYX-CGO/NKG-TAO/XIY-HSC/WDS-HAK/NKG-WDS/LJG-NNG/ERL-PKX/CGO-SYX/KHN-XNN/LJG-KHN/HGH-AKA/JJN-YNZ/ENY-NKG/ENH-XIY/HGH-ENH/XMN-LJG/HQQ-SYX/LJG-XMN/GYS-HAK/SHS-NNG/NZH-PKX/SJW-YIH/HFE-HAK/CKG-LJG/TAO-NKG/TXN-XMN/NKG-SWA/TAO-BZX/SWA-HAK/TYN-SYX/WDS-LJG/KWL-HAK/NNG-BZX/LYI-SYX/LJG-WMT/KHN-LJG/DZH-HAK/TAO-SHS/HZA-HAK/NNG-LJG/XMN-KMG/DXJ-XIY/YNZ-JJN/TSN-SYX/KHN-SYX/ENY-INC/SJW-DZH/CSX-HAK/TNA-HAK/PKX-NZH/BZX-NNG/INC-ENY/ZUH-HAK/ZHY-HGH/YYA-XIY/WMT-LJG/ZQZ-SJW/ZHY-XNN/XNN-ZHY/DXJ-JJN/XIY-DXJ/YIE-PKX/PKX-YIE,Y/H/K/L/M/X,0%,,PWF3,KMG319/KMG279/CTU152/SZX146,,有效,
往返无忧,首都航空国内自营航线（首都航空为市场方的代码共享航班、包机航班除外）,V/N,3%,,PWF3,KMG319/KMG279/CTU152/SZX146,,有效,
,首都航空国内自营航线（首都航空为市场方的代码共享航班、包机航班除外）,A/U/T,6%,,PWF3,KMG319/KMG279/CTU152/SZX146,,有效,
,首都航空国内自营航线（首都航空为市场方的代码共享航班、包机航班除外）,Y/H/K/L/M/X,0%,,PWF3,KMG319/KMG279/CTU152/SZX146,,有效,
往返无忧PWF3A,首都航空国内自营航线（首都航空为市场方的代码共享航班、包机航班除外）,V/N,3%,,PWF3,KMG319/KMG279/CTU152/SZX146,,有效,
,首都航空国内自营航线（首都航空为市场方的代码共享航班、包机航班除外）,A/U/T,6%,,PWF3,KMG319/KMG279/CTU152/SZX146,,有效,
,首都航空国内自营航线（首都航空为市场方的代码共享航班、包机航班除外）,Y/H/K/L/M/X,0%,,PWF3,KMG319/KMG279/CTU152/SZX146,,有效,
青老年特惠,指定航线,H/K/L/M/X/V/N/A/U/T,2%,,PCU3,KMG319/KMG279,指定航线、价格浮动,有效,
,,,2%,,PCX3,KMG319/KMG279,,,
G 舱往返自由行产品,"JD 国内自营航线（首都航空为市场方
的代码共享航班除外）",G 舱,,0,PZY3,KMG319/KMG279,团队申请需上浮50,有效,
特殊贡献旅客,"首都航空国内自营航线（包机及首航为市场方的代码共
享航班、联运航班除外）","公务舱：首都航空公务舱（C/D/Z/I 舱）、经济舱：首都航空公布运价及私有运价舱位
（W/R/Y/Q/E/H/K/L/M/X/V/N/A/U/T 舱）",优惠 15%（即：开放舱位对应票价×0.85）,,"消防人员：PSE1、全国抗击新冠肺炎疫情先进个人：PSC1、现役军人：PSD1、离退休及退役军人、军人烈士遗属、因公牺牲遗属、病
故遗属：PSY1",KMG319/KMG279,"各销售单位见舱销售，不得 K 位；特殊舱位 J/O/G/
不适用该产品政策（J/O 舱为免票舱位、G 舱为团队舱位）、特殊贡献旅客有效证件
1.共和国勋章获得者、中国国家荣誉功勋获得者、两院
院士、全国脱贫攻坚楷模、国家科学技术奖获得者（国家最
高科学技术奖、国家自然科学奖、国家技术发明奖、国家科
学技术进步奖和中华人民共和国国际科学技术合作奖）获奖
证书等。
2.消防人员及退休消防人员有效证件：《国家综合性消
防救援队伍干部证》《国家综合性消防救援队伍消防员证》
《国家综合性消防救援队伍学员证》《国家综合性消防救援
队伍退休证》《政府专职消防员证》《政府专职消防文员证》
《专职消防员证》（需由该省消防救援总队政治部颁发）。
3.全国抗击新冠肺炎疫情先进个人获奖证书等。
4.现役军人有效证件：中国人民解放军《军官证》《文
职干部证》《义务兵证》《士官证》《军士证》和中国人民
武装警察部队《警官证》《文职干部证》《义务兵证》《士
官证》《警士证》及军校《学员证》。
5.退役军人、离退休军人验证方式：退役军人事务部优
抚平台进行退役、离退休军人数据接口 IT 对接，校验成功
后，由用户中心纳入管理，认证成功的旅客可购本方案优惠
客票。
6.军人烈士/因公牺牲军人/病故军人遗属验证方式：退
役军人事务部优抚平台进行遗属旅客数据接口 IT 对接，校
验成功后，由用户中心纳入管理，认证成功的旅客可购本方
案优惠客票。
7.现役消防救援人员和现役军人需凭其本人有效证件
购票；其他特殊贡献旅客凭身份证或其它证件购票，并出示
相应有效证件享受优惠。",,
优享积分,"首都航空国内自营航线（包机及首航为市场方的代码共
享航班、联运航班除外）",H/K/L/M/X/V/N/A/U/T,80,20,PYXA1,KMG319/KMG279,"额外赠送积
分400",有效,
,"首都航空国内自营航线（包机及首航为市场方的代码共
享航班、联运航班除外）",H/K/L/M/X/V/N/A/U/T,120,30,PYXB1,KMG319/KMG279,"额外赠送积
分800",,
,"首都航空国内自营航线（包机及首航为市场方的代码共
享航班、联运航班除外）",H/K/L/M/X/V/N/A/U/T,240,50,PYXC1,KMG319/KMG279,"额外赠送积
分1600",有效,
,"首都航空国内自营航线（包机及首航为市场方的代码共
享航班、联运航班除外）",H/K/L/M/X/V/N/A/U/T,360,70,PYXD1,KMG319/KMG279,"额外赠送积
分2400",,
国内热门打卡地促销,"JD国内自营指定部分航班（保底补贴、
定额补贴、普通包销的包机、首都航空为市场方的代码共享
航班除外）",H/K/L/M/X/V/N/A/U/T,"在定座舱位对应票价基础上再享受 X%折扣，
折扣率整体不低于 90%（即：开放舱位对应票价最低*90%，
如：折扣率 90%，折扣下浮=定座舱位票价×90%）",,DAQ1,KMG319/KMG279,,有效,
,"JD国内自营指定部分航班（保底补贴、
定额补贴、普通包销的包机、首都航空为市场方的代码共享
航班除外）",H/K/L/M/X/V/N/A/U/T,"在定座舱位对应票价基础上再享受 X%折扣，
折扣率整体不低于 90%（即：开放舱位对应票价最低*90%，
如：折扣率 90%，折扣下浮=定座舱位票价×91%）",,DAD1,KMG319/KMG279,,有效,
,"JD国内自营指定部分航班（保底补贴、
定额补贴、普通包销的包机、首都航空为市场方的代码共享
航班除外）",H/K/L/M/X/V/N/A/U/T,"在定座舱位对应票价基础上再享受 X%折扣，
折扣率整体不低于 90%（即：开放舱位对应票价最低*90%，
如：折扣率 90%，折扣下浮=定座舱位票价×92%）",,DAP1,KMG319/KMG279,,有效,
舒享经济舱R舱,分级溢价+高代理费经济舱前三排座位免费托运行李额20KG配餐时段提供简餐或小食,H/K/L/M/X/V/N/A/U/T,160-270,60,GRR1,KMG319/KMG279,,有效,
悦享经济舱W舱,"分级溢价+高代理费经济舱前三排座位免费托运行李额20KG
配餐时段提供简餐或小食自愿改期+退票手续费优惠
专属值机柜台+优先登机+公务舱贵宾室+优先行李提取
(可享受城市:北京大兴、西安、青岛、海口、丽江、杭州、石家庄出港航班)",H/K/L/M/X/V/N/A/U/T,300,80,PCJ1,KMG319/KMG279,,有效,
悦享经济舱W舱,"分级溢价+高代理费经济舱前三排座位免费托运行李额21KG
配餐时段提供简餐或小食自愿改期+退票手续费优惠
专属值机柜台+优先登机+公务舱贵宾室+优先行李提取
(可享受城市:北京大兴、西安、青岛、海口、丽江、杭州、石家庄出港航班)",H/K/L/M/X/V/N/A/U/T,400,150,PCA1,KMG319/KMG279,,有效,
特惠行李E舱,低价获得免费20KG托运行李额,H/K/L/M/X/V/N/A/U/T,70-120,10,PYE1/PXE1,KMG319/KMG279,,有效,
畅行无忧,低溢价+高代理费托运行李额随订座舱位,H/K/L/M/X/V/N/A/U/T,30,20,PYU1 (OTA),KMG319/KMG279,,有效,
畅行无忧,低溢价+高代理费托运行李额随订座舱位,H/K/L/M/X/V/N/A/U/T,60,40,PYR1,KMG319/KMG279,,有效,
畅行无忧,低溢价+高代理费托运行李额随订座舱位,H/K/L/M/X/V/N/A/U/T,100,70,PYQ1,KMG319/KMG279,PAT:A然后选择对应产品代码的价格,有效,
优享变更,"分级溢价+高代理费托运行李额随订座舱位
航班计划出港时间前4小时(含)以前，免费变更一次",H/K/L/M/X/V/N/A/U/T,150,40,PTGH1,KMG319/KMG279,PAT:A然后选择对应产品代码的价格,有效,
优享变更,"分级溢价+高代理费托运行李额随订座舱位
航班计划出港时间前5小时(含)以前，免费变更一次",H/K/L/M/X/V/N/A/U/T,300,100,PTHH1,KMG319/KMG279,PAT:A然后选择对应产品代码的价格,有效,
优享变更,"分级溢价+高代理费托运行李额随订座舱位
航班计划出港时间前6小时(含)以前，免费变更一次",H/K/L/M/X/V/N/A/U/T,500,200,PTNH1,KMG319/KMG279,PAT:A然后选择对应产品代码的价格,有效,
