airline,product_name,route,booking_class,price_increase,rebate_ratio,office,remarks,valid_period,ticket_type,policy_identifier,policy_code
CZ,1、优享飞,（25年调整为 云南进出港）,调整舱位：（P/B/M/H/K/U/A/L/Q/E/V/Z/I/D/C）  PAT A@ZYXKMGJT,150,40,KMG319/KMG279,"PAT:A@01ZYXHAAMD,02EYXKAAMD

南航昆明出港GP客票机场服务通知：(24.5.29)
1.GP或大客户，机场可以免费换登机牌申请；

2.南航GP团队，机场可以免费统一换登机牌和申请专柜：C11-C12；

3.电瓶车服务，重要领导有需求可以提前报备申请； 
                            
 4.南航对应OFFICE号B2B2下单，发送车辆群效验",有效,ALL,*YXKMGJT,*YXKMGJT
CZ,里程/积分加享,南航出最低时候，运价一样的情况下，大家选择这个标识哈：YXSSSMI,,0,,,,,ALL,,
CZ,指定航线里程旅行套餐（适用于3天内航班）,100里程,*YXLAAMB  B/M/H/U/A/L/E/V/Z/T/N,100,45,KMG319/KMG279/CTU152/SZX146,500里程,,ALL,*YXLAAMB,*YXLAAMB
CZ,权益包加享,行李加享,P/B/M/H/K/U/A/L/Q/E/V/Z  *YXLAABD,80,30,KMG319/KMG279/CTU152/SZX146,5KG额外行李额度,,ALL,*YXLAABD,*YXLAABD
CZ,退改加享,变更加享,P/B/M/H/K/U/A/L/Q  *YXKAAGD,150,60,KMG319/KMG279/CTU152/SZX146,在航班预计离站时间前4小时（含）前自愿变更，免收自愿变更费,,ALL,*YXKAAGD,*YXKAAGD
CZ,延误保,航延保障,,150,75,,延误3小时（含）及以上赔付300元,,ALL,,
CZ,行李无忧,托运行李损失及丢失,,160,80,,最高赔付20000元,,ALL,,
CZ,航意航延综合保障,航空意外及医疗,,70,30,,航空意外身故及身残700万，航空意外医疗15万,,ALL,,
CZ,航意航延综合险,"航意保障400万元
航延保障最高600元",,40,20,,,,ALL,,
CZ,7天境内旅行险,保障意外、医疗、个人责任等,,60,30,,,,ALL,,
CZ,托运行李险,"行李损失或丢失最高5000元
行李延误最高1000元",,25,12.5,,,,ALL,,
CZ,"“延误保”
加享产品",1.航意航延保障；2.500里程。,P/B/M/H/K/U/A/L/Q *YXKAAIB,150,60,,,,ALL,*YXKAAIB,*YXKAAIB
CZ,"“行李无忧”
加享产品",1.托运行李保障；2.500里程,P/B/M/H/K/U/A/L/Q *YXKAAIC,160,65,,,,ALL,*YXKAAIC,*YXKAAIC
CZ,“航意航延综合保,航意700万，医疗15万；,P/B/M/H/K/U/A/L/Q *YXKAAID,70,28,,,,ALL,*YXKAAID,*YXKAAID
CZ,障”加享产品,航延2小时起赔，最高赔付600元,,70,28,,,,ALL,,
CZ,里程优惠旅行套餐,出行有里,C/D/I/W/Y/P/B/M/H/K/U/A/L/Q/E/V/Z *YXSSSMJ *YXSSSMK *YXSSSMI,0,0,KMG319/KMG279/CTU152/SZX146,100里程,有效,ALL,*YXSSSMJ,*YXSSSMJ
CZ,保险旅行套餐,延误保,"P/B/M/H/K/U/A/L/Q *YXKAAIB *YXKAAIC
*YXKAAID",0,60,KMG319/KMG279/CTU152/SZX146,航意航延保障和500里程,,ALL,*YXKAAIB,*YXKAAIB
CZ,团队加享,团队加享产品,"G  ********TA
********TB
********TC
********TD
********TE
********TF
********TG",0,60,KMG319/KMG279/CTU152/SZX146,10KG额外行李额度,,ALL,,
CZ,南航GP加享,100里程旅行套餐,Y/P/B/M/H/K/U/A/L/Q *YDLAAMA,30,12,KMG319/KMG279/CTU152/SZX146,100里程旅行套餐,,ALL,*YDLAAMA,*YDLAAMA
MU,1、GP免费快速安检通道,昆明出港GP,,不限,01,KMG319/KMG279,发送“名字+票号+航班号 航程+日期时间+人数+服务需求”到QQ保障群704876602,有效,ALL,,
MU,2、GP高舱免费接送,昆明进出港GP+集团客户47开头,"GP/U、F、J、C、D、Q、I、W、P、Y、B、
M、E、K舱。",1000,免费接送机,KMG319,分号限量使用，需要完成对应指标,,ALL,,
MU,3、里程优享,"所有航线                                  

  (所有GP优享产品可适用于航前4小时免费改期的政策)",C/D/P/B/M/E/K/L/N/R/S/V/T/Z（GP政策）,70,35,KMG319/KMG279/CTU152/SZX146,"1.旅客类型‘’东方万里行‘’会员（限成人）

2.后返（GP都适用）
注意：销售时注意是否有会员号，只能销售有‘’会员号‘’旅客，非会员暂不能销售，如有变动已通知为准。",有效,ALL,L5,L5
MU,4、2025 年 GP 客票晋舱前返,适用航线：东上航实际承运涉及KMG=CAN=PVG=SZX=TCZ=TSN=URC=WUH=XMN=PKX=SHA=XIY=TAO=BSD=ZAT=DIG=TYN=JHG=WUX=LNJ，以及全国航线，具体参照表格销售,"适用舱位：经济舱（Y/B/M/E/K/L/N/R/S）GP客票；                                                  运价标识：定 Y 舱后使用 PAT:A#CGP 可展
示 FB 为 YGP10M 的运价，代表在 M 舱公布运价+10%Y 舱价格",高舱-低舱,40,KMG319/KMG279/CTU152,,有效,ALL,,
MU,5、变更优享,1.适用范围：东上航实际承运的国内直达航线，北京大兴、成都天府为始发地或目的地的航线除外。,M/E/K/L/N/R/S/V                                 Farebasis项后缀“BG”“BGYX”为识别代号,160,60,KMG319,产品对应舱位客票的航班/日期变更，自愿变更时间在航班规定离站时间前4小时（含）之外，免收变更手续费,有效,ALL,,
MU,6、云南GP空铁优享,昆明进出港航线(C/D/Q/I/P/B/M/E/K/L/N/R/S/V/T/Z),1.区域一：增值服务包括玉溪、曲靖至或返昆明高铁二等座客票一张、昆明站或昆明南站至或返昆明长水机场地面运输一次（专车）,260,210,,1.注意台账做共享链接（用车信息+对应高铁信息）,航班日期：即日起-2025年12月31日,ALL,YN01,YN01
MU,8、用车优享,单程,B/M/E/H/K/L/N/R/S/V/T/Z(对产品价格超过超级经济舱/经济舱无折扣公布运价的情况进行拦截)。,100,20,,,,ALL,,
MU,9、WiFi优享,所有航线  GP渠道“Wi-Fi优享+,P/B/M/E/H/K/L/N/R/S/V/T/Z(对产品价格超过超级经济舱/经济舱无折扣公布运价的情况进行拦截)  两位后缀：GPW1,40,25,,"1.产品名称：Wi-Fi优享+。【TC:WFYX40 / FB末两位后缀：GPW1】
2.产品价格：产品价格=外放经济舱舱位GP运价价格+40元，乘机人可享受1次适用范围内航班标准全航程空中上网
3.特殊退改规则：使用GPWIFI优享产品可享受航前4小时免费改期政策
4.自愿退票：退票须在原购买渠道操作，按照票面规定扣除退票费后退款。",,ALL,,
MU,10、Wi-Fi优享+里程优享,所有行程,B/M/E/K/L/N/R/S/V/T/Z  产品代码：GPW3，GPW4，GPW5,110,40,,"1.特殊退改规则：使用GP WIFI+里程优享产品可享受航前4小时免费改期政策
2.自愿退票：退票须在原购买渠道操作，按照票面规定扣除退票费后退款。",,ALL,,
MU,11、东航免费接送机调整,CZ,"适用航线:昆明始发或到达东、上航实际承运国内单程、往返程、铁口程航班;
3、东航云南有限公司客户编号为47开头的两方和三方集",0,,KMG319,"4、昆明进出港 GP 客票
6、适用用舱位:接送机适用舱位:U、F、J、C、D、Q、I、T、P、Y、B、M、E、K、L、N舱。  （12月31如止）                                                                2025 年4-6月国内增值服务产品通告  (集团客户尊享二’)接、送机增值服务修)",,ALL,,
MU,12、安心优享,所有航线,适用舱位：C/D/Q/I/P/B/M/E/K/L/N/R/S/V/T/Z 舱(以 TC“AXYX02”，Farebasis 项后缀“BX”为识别代号。),99,40,KMG319/KMG279/CTU152/SZX146,"旅客在明折明扣各舱位价格基础上，额外支付
固定价格，享受综合保险服务",,ALL,,
MU,"2025年GP渠道里程优享，WIFI优享以及里程+wifi优享产品运价已经发布，重点内容如下
1.销售价格与适用规则与普通产品一致，同2024年
2.GP渠道优享产品以FB后四位GPL1-GPL8,GPW1,GPW3-GPW5为识别
3.上调GP优享产品的后返比例至销售金额的50%
4.所有GP优享产品可适用于航前4小时免费改期的政策",,,0,,,,,ALL,,
MU,东航注意事项：除东航所有外航全部使用279出票（不影响情况下）东航全部319出票，提高同邦占比，否则会影响后返结算(同邦+星晟）,,,0,,,,,ALL,,
3U,1、全国免改易行,全国航线(4季度政策变动）,"T/H/G/L/E/R/K/N/Q/M（运价代码*/0KJM1,***/0KJM1)T-N舱80元,Q/M舱65元",150,80,KMG319/KMG279/CTU152,起飞四小时外免首次改期费,有效,ALL,"*/0KJM1
***/0KJM1","*/0KJM1
***/0KJM1"
3U,2、优惠退票,优惠退票,"T/H/G/L/E/R/K/N/Q/M  运价标识：*/0KJTP,***/0KJTP，T-N舱100元，Q/M舱80元",180,80,KMG319/KMG279/CTU152,"自愿退票时间在航班计划离站时间48小时（含）前，退
票费率按照航班计划离站时间168小时（含）前费率执行",,ALL,"*/0KJTP
***/0KJTP","*/0KJTP
***/0KJTP"
3U,3、UP出行管家产品内容新增,适用航线：川航昆明进出港,N/K/R/V/E/L/S/G/H,150,120,KMGG319,UP150接送机产品    同邦,,ALL,UP150,UP150
3U,4、川航大客户后返,"白名单是战狼队的非GP白名单，
请出到川航票的必须要带客户号，
后返结回来后会补给大家。（3折以上7%）","大客户号：LFY001MAKM
（100%白名单）",3,7,KMG319,PAT A#CLFY001MAKM,,ALL,,
3U,5、里程加享,所有线,"T-N舱公布运价+50元
Q/M舱市场净价+50元",50,5,KMG319/KMG279/CTU152,赠送额外500里程,,ALL,"*/0KJL1
***/0KJL1","*/0KJL1
***/0KJL1"
3U,6、机+接送车,所有线,"T-N舱公布运价+150元：50元
Q/M舱市场净价+150元：35元",150,35,KMG319/KMG279/CTU152,赠送天府行接送车300元专车券,,ALL,"*/0CJJF
***/0CJJF","*/0CJJF
***/0CJJF"
3U,7、地面加享,机+优享选座  所有航线,"订W舱：T-N舱公布运价+100元：25元
Q/M舱市场净价+100元：15元",100,15,,航班起飞48小时之前优享选座/川航国内航线,,ALL,"*/0DJXZ
***/0DJXZ","*/0DJXZ
***/0DJXZ"
3U,8、礼遇加享,机+X 川航国内航线,订座舱位：T/H/G/L/E/R/K,高舱-低舱,60,,"服务商提供自有服务权益
最低开放舱位公布运价+指定比例",,ALL,/0LJG1,/0LJG1
KY,1、一路护航（9月-10月31日）,"1.竞争航线：
KMG-XMN、XMN-KMG、KMG-TCZ、TCZ-KMG、KMG-LUM、LUM-KMG、KMG-XIY、XIY-KMG、KMG-PEK、PEK-KMG、KMG-HGH、HGH-KMG、KMG-KHN、KHN-KMG、KMG-TNA、TNA-KMG、KMG-JJN、JJN-KMG、KMG-SZX、SZX-KMG、KMG-PVG、PVG-KMG、KMG-NKG、NKG-KMG、KMG-CGO、CGO-KMG、KMG-CAN、CAN-KMG、KMG-SJW、SJW-KMG航线前返比例为80%;航线前返比例为80%;
2、其他所有航线前返比例为70%;",订B舱  PAT:A或PAT:A#CYLHH,100,80,KMG319/KMG279,"1、客票采用PAT:A或PAT:A#CSWZX自动计算运价出票
2、乘机日期：2024年03月01日（含）航班起飞前4小时之前退改签规定，自愿退票，收取10%的退票费。
3、航班起飞前4小时（含）之内及航班起飞后退改签规定：
航班起飞前4小时（含）之内及航班起飞后，产品退改签参见最新公司最新业务通告内对应舱位相关退改签规则办理。4.客票采用PAT:A或PAT:A#CYLHH自动计算运价出票",有效,ALL,,
KY,2、商务尊享（9月-10月31日）,"1.竞争航线：
KMG-XMN、XMN-KMG、KMG-TCZ、TCZ-KMG、KMG-LUM、LUM-KMG、KMG-XIY、XIY-KMG、KMG-PEK、PEK-KMG、KMG-HGH、HGH-KMG、KMG-KHN、KHN-KMG、KMG-TNA、TNA-KMG、KMG-JJN、JJN-KMG、KMG-SZX、SZX-KMG、KMG-PVG、PVG-KMG、KMG-NKG、NKG-KMG、KMG-CGO、CGO-KMG、KMG-CAN、CAN-KMG、KMG-SJW、SJW-KMG航线前返比例为80%;
2、其他所有航线前返比例为70%;",订B舱  PAT:A或PAT:A#CSWZX,600,80,,"1、客票采用PAT:A或PAT:A#CSWZX自动计算运价出票
2、乘机日期：2024年03月01日（含）航班起飞前4小时之前退改签规定，自愿退票，收取10%的退票费。
3、航班起飞前4小时（含）之内及航班起飞后退改签规定：
航班起飞前4小时（含）之内及航班起飞后，产品退改签参见最新公司最新业务通告内对应舱位相关退改签规则办理。",,ALL,,
KY,3、商务出行（9月-10月31日）,所有航线,M、M1、U、H、Q、Q1、V、V1、W、S、E、E1、E2、E3、E4、E5                                PAT:A或PAT:A#CSWCX,20,10,KMG319/KMG279,"指令：客票采用PAT:A或PAT:A#CSWCX   
退票：4小时前：自愿退票，收15%的退票费",,ALL,,
KY,4、空铁联运,所有航线,外放舱位：M、M1、M2、U、U1、U2、H、H1、Q、Q1、Q2、V、V1、V2、W、W1、W2、S、S1、S2、S3、S4、S5、P,150,130,KMG319/KMG279,"1.客票采用PAT:A或PAT:A#CKTLY自动计算运价出票
2.GP出票使用指令PAT:A#CKTLY/CGP/CC自动计算运价。
3.航班4小时前：自愿退票，收取15%的退票费
4.产品代码：外放舱位+NKT+150（例如：公布运价舱位V舱直加150元为VNKT150元",,ALL,,
KY,5、昆航  优选经济舱,所有航线,"指订座E舱 舒适经济舱 （前三排位置）                                         

运价指令PAT：A#CSC",正价E,70,KMG319/KMG279,"1.空中服务
①享受经济舱前二排座椅，座位间距比普通经济舱宽10公分，享受更大腿部空间。
②配备矿泉水一瓶。
2.地面服务
①享受25KG免费行李额，比普通经济舱多5KG。
②优先登机：旅客在候机楼登机口登机时，出示登机牌即可享受与两舱客户一样的特殊通道优先登机服务。（仅限昆明机场）      
                          
2、航班起飞7天前：退票价格5%，改签：免费
航班起飞前7天至72小时之前：退票价格5%，改签：票面价格5%
航班起飞前72小时至4小时之前：退票价格10%，改签：票面价格5%
航班起飞前4小时之后：退票20%，改签：票面价格10%",,ALL,,
KY,6、25年夏秋Z舱、R舱、E舱固定折扣,所有航线,Z舱 ZZA135超值公务舱Z舱固定折扣产品编码：CZPP002,135,80,KMG319,该产品运价模式为：Z*A25/30/35/40，运价基础为：Z＋外放舱位＋A＋上浮比例（例：ZHA25表示外放上浮Y舱价格*25%）；具体运价基础详见（“超值公务”产品运价基础）。,,ALL,,
KY,7、特惠公务,所有航线,"订R舱 联动：Y/B/M/M1/M2/U/U1/U2/H/H1/H2/Q/Q1/Q2/V/V1/V2/W/W1/W2/S/S1,私有运价舱位S2/S3/S4/S5/P/P1/P2/P3/P4/P5",6,50,KMG319,仅享受机上公务舱座位及相应服务，不享受公务舱地面标准服务（享有免费行李额30KG）。                                      该产品运价模式为：D*A6/8/10/12/15/20，运价基础为：D＋外放舱位＋A＋上浮比例（例：DHA10表示外放上浮Y舱价格*10%）；具体运价基础详见（“特惠公务”产品运价基础）。,,ALL,,
KY,8、KY昆明进出：免费接送机标准,普通旅客,普通会员,尊享俱乐部银卡,尊享俱乐部金卡：白金卡会员；昆航集团客户；GP旅客,/,微信小程序，选择车接车送,,ALL,,
KY,9、快速安检通道,昆明出港,订B舱，联动：M、M1、U、H、Q、Q1、V、V1、W、S、E、L、O以及以上舱位的私有运价小舱位,50,5,KMG319/KMG279,快速安检通道”产品以“外放最低舱位上浮50元”的定价模式，购买昆明航空昆明出港航班，旅客可享受昆明长水国际机场快速安检通道服务（具体位置：出发层（F3）二号门直走到40号安检口，侧面通道直行20米，右前方“易畅转”白色柜台，工作人员核对旅客信息无误后，东01过安检即可），服务保障使用时间：早06:00-晚22:00,,ALL,,
KY,10.昆明GP退票规则,"昆明航空：GP客票免费退票服务需满足以下条件 （2024年4月2日通知）
1.有效期：2023年10月29日-截止日期待昆明航空通知
2.只要有GP客票标识，航班起飞前4小时之前免费退票
3.购买四三折及以上（≥43%）折扣客票
4.黑屏正常操作全退（自动退票指令，不能手工改哈）",,0,,,,,ALL,,
DR,1、超值经济舱（M舱）,所有航线/M舱,"订M舱 B,E,H,K,N,R,S,V,T,Z（含其子舱位）",80,0,KMG319/KMG279,"票面价折扣率对应多等级管
理规定及子舱位管理规定执
行",有效,ALL,CJM1,CJM1
DR,2、渠道溢价产品---乐天行,所有航线,E/H/K/N/R/S/V/T/Z/W/U/I/X以及各舱子舱位。产品代码：LTX （10月更新）,50,20,KMG319/KMG279,"（二）变更、退票：按订座舱位对应《苏南瑞丽航空国
内航班散客多等级舱位管理规定》、《苏南瑞丽航空固定折
扣舱位管理规定》及《苏南瑞丽航空国内特价促销产品票务
操作规定》执行，以票面价为基准计算手续费（四舍五入至
个位）。",有效,ALL,LTX1,LTX1
DR,3、 超值公务舱（A舱/C舱）,所有航线（全享公务舱）,C,1.5,60,KMG319/KMG279,"（三）退票
1.航班规定离站时间前 72 小时(含)之前退票,按对应票
面价收取 5%退票手续费；
2.航班规定离站时间前72小时至航班规定离站时间前4
小时(含)之前退票，按对应票面价收取 10%的退票手续费；
3.航班规定离站时间前 4 小时之后退票，按对应票面价
收取 20%的退票手续费。",有效,ALL,QXGW,QXGW
8L,1、飞祥有礼,所有航线,产品代码：FXYL                         H/K/L/M/X/V/N/Q/A/U/T/Z/P(4月19日调整）,120,35,KMG319/KMG279/CTU152,一、免费20KG行李  （退改:按照文件规则执行）,有效,ALL,FXYL,FXYL
8L,2、超值经济舱产品,所有航线,W舱  联动：H/K/L/M/X/V/N/Q/A/U/T/Z/P,130,15,KMG319/KMG279/CTU152,"（（一）免费托运行李额20KG。                                   
（二）经济舱前三排座位。
（三）机上餐食，计划飞行时间小于等于1H40min的餐食暂不对外宣传。

（暂时对外宣传机上饮品，7月1日恢复保障）  产品权益：六大服务权益——经济舱前三排、 机上餐/饮、金鹏会员享额外消费积分奖励、优惠退改、昆明、丽江专属值机柜台、部分机场优先登机。",有效,ALL,,
8L,3、祥鹏航空贵宾室专享产品票务,所有航线,适用舱位：H/K/L/M/X/V/N/Q/A/U/T/Z/P 产品代码：GBSZX,70,10,KMG319/KMG279/CTU152,"1、免费行李额：20KG。
2、退票：按客票订座舱位对应多等级舱位管理规定，以票面价计算退票费，收取退票费
3、昆明长水国际机场祥鹏航空V3贵宾休息室（国内）2小时权益（贵宾室营业时间为：05:00-23:00）。备注：权益仅航班出行当天有效，未使用视为自动放弃。具体服务时长及权益内容以地服部相关规定为准，若因服务权益调整导致旅客投诉由地服部处理。",,ALL,,
8L,4、优惠退改,所有航线,订E舱 联动舱位：L/M/X/V/N/Q/A/U/T/Z（含小舱位） 产品代码：YHTG2,100,10,KMG319/KMG279/CTU152,"1.经济舱前三排
2.优惠退改
3.在经济舱外放基础上上浮100元，不得大于经济舱公布普通票价。

自愿改期：YHTG1/YHTG2 均按照以下规则进行改期操作。
航班计划出港时间 336 小时（含）之前，每次收取实际票面
价 5%的改期手续费；航班计划出港时间前 336 小时（不含）至航
班计划出港时间前 72 小时（含），每次收取实际票面价 10%的改
期手续费；航班计划出港时间前 72 小时（不含）至航班计划出港
时间前 48 小时（含），每次收取实际票面价 30%的改期手续费；
航班计划出港时间前 48 小时（不含）至航班计划出港时间前 4 小
时（含），每次收取实际票面价 40%的改期手续费；航班计划出港
时间前 4 小时（不含）至航班起飞后，每次收取实际票面价 50%
的改期手续费。",,ALL,,
8L,5、往返特惠,所有航线,Y,0,,,"在外放基础舱位中订座，以票面价为基础进行下浮。
往返程（RT）须使用一个票号或连续票号。
行李权益：经济舱免费托运行李额20kg。
金鹏积分按金鹏俱乐部现行标准执行。",,ALL,,
8L,6、海天无限,所有航线,下浮比例（淡季）,下浮比例（旺季：国庆/暑运）,,,"产品简介：利用海航集团11家航司国内航线网络资源，提供更多的中转航线航班衔接选择。
旅行类型：中转联程（含单程中转A-B-C、往返程中转A-B-C-B-A或
A-B-C、C-B-A、多航段中转A-B-C-D或更长）
产品权益：
所有航司统一行李标准：公务舱免费行李额30KG，经济舱免费行李额20KG。
通程值机、行李直挂服务保障。
金鹏积分按金鹏俱乐部现行标准执行。
差异化政策适用于所有昆明、郑州、成都、云南省内（大理、丽江、版纳）、重庆、赣州",,ALL,,
8L,7、GP免费行李,,GP免费行李20KG                                Y/B/H/K/L/M/X/V/N/Q/A/U/T/Z（不含小舱位）舱免费行李额：20KG,无,无,,"BSP,B2B  Y舱20KG  
B/H/K/L/M/X/G  10KG
V/N/Q/A/U/T/Z  0KG",,ALL,,
8L,8、商旅优选产品,所有航线,适用舱位：H/K/L/M/X/V/N/Q/A/U/T/Z/P 产品代码：SLYX,50,25,KMG319/KMG279/CTU152,免费行李额：按现行《祥鹏航空国内航班行李政策差异化标准政策》执行,有效,ALL,,
MF,1、易登机（25年调整）,"昆明（丽江）进出港（25年1月生效）                       Z,U,R特价舱： Z:Y舱*3.3折，U:Y舱*3.7折，R:Y舱*4.5折",B/M/L/K/ N/ Q/V/T/R/ U/Z  ZFKMG2122,180,40,KMG319,"昆明或丽江国际机场指定贵宾厅
内出港（或进港）增值服务一次",有效,ALL,,
MF,"2、全国 机+免退改:                                明舱上固定加价
适用于所有境内航
线",①免变更费: PAT A@YXTG0318,明舱上固定加价 YXTG0318，旅游代码：24PB031,170,64,KMG319,"航班计划起飞时间前36小时外（不含36小时）
免收自愿变更手续费1次CC",有效,ALL,,
MF,3、全国   机+白鹭积分  明舱上固定加价,乘机后7日获得额外白鹭积分奖励   PAT A@,明舱上固定加价 XJF240264，旅游代码：24PB026,80,30,KMG319,白鹭积分500分，不可作为定级/保级积分。,,ALL,,
MF,4、全国  机+厦航自营贵宾休息室(贵宾休息室，限航班起飞前24小时外销售，代理销售后将客票信息发送至属地直销机构，由直销机构销售人员使用系统发送券码,"厦门/福州/杭州/泉州/天津出港
境内航班经济舱","明舱上固定加价，旅游代码：24PB168
                             ZFXXS1687
ZFXXS1688
ZFXXS1689
ZFXXS16810
ZFXXS16811",160,50,KMG319,"厦航自营贵宾休息室
（厦门/福州/杭州/泉州/天津）",,ALL,,
MF,5、引导高舱                               旅游代码：23PB336,"1. 不含 GP 客户
2. 仅限商旅用户
3. 福建进出港航班且数据周期内在线下直销机构出过票的客户不适用（以厦航智能系统部数据采集为准）",限经济舱客票:客户出票价格高于航班最低外放价格，产生实际增值贡献,30,,KMG319,"自动高舱:YHCQQ1671,专属客户经理服务、专柜值机",,ALL,,
MF,固定加价,厦航市场方、南航、东航、川航承运方国内代码共享航班,Y**ZF1693,100,50,KMG319,票价类别中的**为航司代码  专属客户经理服务,,ALL,,
MF,引导高舱,厦航实际承运的境内及境外航线航班,客户出票舱位比当前航班外放最低舱位高1个舱位（含），限同一物理舱位,5000,20,,旅游代码24PB0733 专属客户经理、专柜值机、乘机全程引导等地面服务,,ALL,,
RY,1、江西航空溢价产品,所有航线 外放舱位,程加享A档 PAT:A#CLCIXA,380,130,KMG319/KMG279,赠送白鹭会员积分2500积分,有效,ALL,,
ZH,1、商务如意行,"KMG=SZX=JJN=KHN=YCU=HRB,JHG=SZX=TFU",C/D/R,380,266,KMG319/KMG279/CTU152/SZX146,"自愿退票：
均按照最新版《深航国内运输客票使用条件》相关规定执行。自愿变更
1）2024年12月31日（含），按照航班起飞前4小时，免变更手续费一次；",有效,ALL,,
ZH,1、商务如意行（两舱）,所有航线,C/D/Z/R,160,10,KMG319/KMG279/CTU152/SZX146,"两舱直加160元（舱位/JGB160)和直加260元(舱位/JGB260）两个档位；经济舱（含公布运价舱和特价舱）直加两个档位，分别为直加140元（                                      舱位/JGB140）和直加200元（舱位/JGB200）的模式     产品奖励金额(舱位变动，具体奖励以销售为准)
直加金额超过200元，按照直加金额不超70%进行返佣；直加金额在100元-200元（含），按照直加金额的60%返佣。                      

航班起飞前四小时（含）之前，B/M/M1/U/U1/H/H1/Q/Q1/V/V1舱免收退票手续费，其余舱位退票按《深航国内运输客票使用条件（202402版）》相关规定执行。航班起飞前四小时之后，退票均按照《深航国内运输客票使用条件（202402版）》相关规定执行。",,ALL,,
ZH,2、商务如意行（经济舱）,所有航线,B/M/MI/U,200,5,,"2025.01.01(含)2025.12.31(含)  
总部产品采取两舱直加160元（舱位/JGB160)和直加260元(舱位/JGB260）两个档位；经济舱（含公布运价舱和特价舱）直加三个档位，分别为直加50元（舱位/JGB50）、140元（舱位/JGB140）和直加200元（舱位/JGB200）的模式。",,ALL,,
ZH,2、销售平台散客已上线商务如意行产品,全部航线（B2B）系统出票,适用舱位KLE舱,140,75,KMG319/KMG279/CTU152/SZX146,"1.运价级别为JGB140
2.运价基础JGB160",,ALL,,
ZH,鹏程万里,所有航线,M/M1/U,100,55,KMG319/KMG279/CTU152/SZX146,"*/JGL100（赠送300额外里程）；
*/JGL150（赠送500额外里程）；
*/JGL200（赠送800额外里程）；
*/JGL300（赠送1200额外里程）；
*/JGL450（赠送1500额外里程）。",,ALL,,
ZH,4、公务舱产品,所有航线,J/C,0,200,KMG319,,有效,ALL,,
ZH,5、舒适经济舱产品,所有航线,正价G舱,0,30,KMG319,6.改期无忧（仅适用于国内航班）：购买乘机日为2024年10月26日前的深航实际承运舒适经济舱（G、E舱）客票，如在航班起飞4小时（含）之前取消订座，通过深航官方客服热线95361或所乘坐航班的出发机场深航柜台办理变更至相同航线的其他深航实际承运航班，可享免收一次变更手续费，如有票价差额需补收。若再次提出自愿改期、自愿退票，按照深航最新版的《深航国内运输客票使用条件》相关规定执行。,,ALL,,
ZH,深航中小企业号,所有航线,PAT:A#C1SMA004Q,2,,KMG319,全国政策直减2%-3%。KMG319,有效,ALL,,
SC,1、旅行优享,所有航线,所有舱位  */SWX,100,50,KMG319/KMG279,无,有效,ALL,,
SC,2、免改优享,所有航线,所有舱位  */SWX1,150,60,,1、起飞前4H 免费改期 1 次,,ALL,,
SC,3、里税加享,所有航线,所有舱*/JLCJX1,100,30,,1、起飞前4H免责改期 1 次2、300 额外非定级早程,,ALL,,
SC,免费接送机,济南、青岛、烟台,C/D/W/Y/B/M/U/H   (GP),无,无,KMG319,需要注册，预约免费接送机,有效,ALL,,
SC,B舱高,全国航线,"B舱（休息室、免费改、额外行李、鲁雁值累计1鲁雁值=1元、快速安检等选一）
M舱（快速安检、累积积分、5KG选一）",无,60,,已结算回为准,有效,ALL,,
EU,1、“行李无忧”B舱,,B舱  BXL10%-60%,10,,KMG319/KMG279/CTU152,"1、直加1折-6折  
2、前期客运销售管理室已将B舱行李额由20KG调整至25KG升级为“行李无忧”产品，现申请将该产品政策及促销政策（KYXS220303-5）延续至22夏秋航季。                                  
3、“行李无忧”产品（行李额25KG）
4、退改规则：（请在下表中根据销售政策实际情况填写：1）情况一：退改规则按照最新版《成都航空特殊产品客票销售使用条件》对应订座舱位执行。2）情况二：根据产品自定义退改规则，若有附件请列明附件审批编号，若无附件请在下表中列明具体退改规则。）",有效,ALL,,
EU,2、如意行,,"I舱-T舱： 运价标识：YBRY                               以上订座上浮（运价基础上浮金额+RY）。
禁止出HX 运价标识，不能结算产品",140,84,,3、订座系统中航班起飞时刻4小时（含）前，同舱位可免费变更一次，若无同舱位需补齐差价，第一次免费变更授权渠道采用自动换开进行变更，并制作相应报表定期联系航线销售人员报备（自动换开产生的变更费与产品服务费以后返形式一并返还），再次变更按第四条中规定执行。,,ALL,,
EU,3、无忧退,所有航线,D/N/I/K/R/V/E/Q/L/S/G/M/H/T  运价标识：YBTP150,150,75,,"一、产品说明
旅客购买成航“无忧退”产品，如果发生自愿退票，且自愿退票时间在航班预计离站时间前 72 小时（含）前， 仅收取“无忧退”产品加价部分作为优惠定额退票费。
具体内容如下： 
（一）产品单段价格=外放舱位价格+直加固定价150元/300元/450元（定额退票费）；以 PAT：A#C@TP、PAT：A#C@GP（政采）显示价格为准，不得手工修改价格。",,ALL,,
EU,4、舒适经济P舱,所有线,P舱,舒适经济舱YP同价,15,,"D/N/I/K/R/V/E/Q/L/S/G/M/H/T
1、经济舱座位第一排、第二排
2、优先登机、优先下机；3、饮品
4、毛巾、毛毯；5、腰枕、拖鞋；6、报刊读物",,ALL,,
EU,5、高舱高奖,所有航线,"适用舱位：Y/T/H/M/G/S/L/Q/E/V/R舱(适用于小舱位)                                           运价基础：
YAGC**##（**为公布舱位加价幅度，##为订座时即时开放的最低舱位对应的运价基础）",高舱-减低舱,0.6,,"营销服务费：该产品的营销服务费按照低舱与高舱票面价差额部分的60%给予销售代理。计算方法为：某航线Y舱运价基础上的**价基础上的小舱位计算方法同主舱位。
举例：若成都-厦门航线(Y舱运价2260元)，外放最低公布舱位为K舱，代理人定H舱，营销服务费计算则为：2260×45%×60%=610.2元（其中45为H舱和K舱的大概差额部分）。
（八）结算原则：有产品销量的渠道均结算营销服务费。",,ALL,,
HO,1、商旅优选,所有航线,E/Z/T/S/W/V/Q/H/U (160SL),160,100,KMG319,4小时以前免费改签一次，会员客户享受1.5倍积分(9月1日后KMG279不享受政策）,有效,ALL,,
HO,2、公务优选,全国航线,E/Z/T/S/W/V/Q/H/U  (260SL),260,160,,"（一）航班起飞 4 小时（含）前：
自愿变更
免收变更手续费一次；升舱费照常收取，多不退少补。
（1）若改期后，仍在产品有效舱位范围内，则继续按照该产品直加运价出票，吉祥航空
仍将支付产品服务费。",,ALL,,
HO,商旅优选,全国航线(24年6月21号生效）,M/U/H/Q/V/W/S/T/Z/E  (400SL),400,240,KMG319,,,ALL,,
HO,3、积分优选,所有航线 （不出这个产品）,M/U/H/Q/V/W/S/T/Z/E  运价代码：J2,30,15,KMG319,30J2,,ALL,,
HU,1、智选经济舱,所有航线,Q舱 上浮390元现返120元,390,120,KMG319/KMG279/CTU152/SZX146,"1、海航Q舱 智选经济舱
2、旅客可优先选择经济舱第1排及以后座位；
3、单独退票规则参照文件,客票变更及退票手续费优惠：",有效,ALL,,
HU,2、优选经济舱,所有航线,E舱 E舱上浮220元现返70元，上浮250元现返80元,220,70,,免费行李额20KG,,ALL,,
HU,2、优选经济舱,所有航线,E舱 E舱上浮220元现返70元，上浮250元现返80元,250,80,,免费行李额20KG,,ALL,,
HU,3、优享贵宾室,适用于HU/CN国内自营航班,H/K/L/M/X/V/N/A/U/U1/U2/T/T1/T2（运价标识：CVG1）,220,20,,北京/海口220元：40，杭州/乌鲁木齐/西安/168元/158元198元:30元，太原/深圳220元：20元（可在贵宾室休息至航班起飞前，凭登机牌）,,ALL,,
HU,3、优享贵宾室,适用于HU/CN国内自营航班,H/K/L/M/X/V/N/A/U/U1/U2/T/T1/T2（运价标识：CVG1）,168,30,,北京/海口220元：40，杭州/乌鲁木齐/西安/168元/158元198元:30元，太原/深圳220元：20元（可在贵宾室休息至航班起飞前，凭登机牌）,,ALL,,
HU,3、优享贵宾室,适用于HU/CN国内自营航班,H/K/L/M/X/V/N/A/U/U1/U2/T/T1/T2（运价标识：CVG1）,158,40,,北京/海口220元：40，杭州/乌鲁木齐/西安/168元/158元198元:30元，太原/深圳220元：20元（可在贵宾室休息至航班起飞前，凭登机牌）,,ALL,,
HU,3、优享贵宾室,适用于HU/CN国内自营航班,H/K/L/M/X/V/N/A/U/U1/U2/T/T1/T2（运价标识：CVG1）,220,20,,北京/海口220元：40，杭州/乌鲁木齐/西安/168元/158元198元:30元，太原/深圳220元：20元（可在贵宾室休息至航班起飞前，凭登机牌）,,ALL,,
HU,4、优享变更,适用于HU/CN国内自营航班,H/K/L/M/X/V/N/A/U/U1/U2/T/T1/T2          产品代码：CSU1,150,40,,"改期：代理人必须使用TRI指令自动变更，如系统提示无法使用TRI时，则退旧出新。严禁代理人手工修改FC/FN/FP/RMK CMS/RMK OT等项，违者将给予违规航段经济舱全价的处罚
退票：自愿退票：旅客选择自愿退票视为自动放弃“优享变更”产品权益，以票面价为基准，按定座舱位对应规则办理自愿退票，具体标准以我司现行多等级舱位客票使用条件规则为准",,ALL,,
HU,5、优享专车”产品,所有航线,H/K/L/M/X/V/N/A/U/U1/U2/T/T1/T2                      产品代码：CTL1,100,20,,1.优享专车”机票产品，客票使用后的48小时内，额外获得一张100元面值神州专车券。                                2．自愿退票：旅客选择自愿退票视为自动放弃“优享专车”产品权益，以票面价为基准，按定座舱位对应规则办理自愿退票，具体标准以我司多等级舱位规则文件为准,,ALL,,
HU,6、优享代泊,,H/K/L/M/X/V/N/A/U/U1/U2/T/T1/T2 产品代码：CSO1,180,30,,权益内容为：客票使用后的48小时内，额外获得一张国内机场代泊三日券，机场代泊车服务机场名录请见附件2；权益规则详见六、“优享代泊”内代泊车券权益兑付流程及规则                                               3.代泊车券适用有效期：旅客自收到券号之日起120天内有效。,,ALL,,
HU,7、优享积分”产品,所有航线,H/K/L/M/X/V/N/A/U/U1/U2/T/T1/T2 （CYE1，CLE1，CLG1）,120,30,,800积分,2024年1月1日-2024年12月31日,ALL,,
HU,8、公务舱尊享专车”产品,所有航线,D/Z/I/R舱 CQC1,360,80,,一舱多价权益产品，旅客可根据自身需要选购溢价“尊享专车”产品。购买“尊享专车”产品的旅客获得指定城市至机场间始发或到达豪华车接/送机服务权益一次。,有效,ALL,,
HU,9、公务舱（尊享积分）,所有航线,D/Z/I/R舱  CVW1,360,80,,必须注册会员才能销售 2400积分,,ALL,,
HU,10、高舱高奖,"该产品在不同航线上的“净结+后返”溢价分成总比例最低为20%，最高则不超过36%，如未完成后返考核任务，仅可获得净结分成奖励,当外放最低散客舱位为K舱及以下舱时，选择向上预订Y/H/K/L/M/X舱",溢价区间,7,8,KMG319/KMG279/CTU152/SZX146,,,ALL,,
JD,1、增值经济舱Q舱,所有航线,Q舱  GQQ1,16,60,KMG319/KMG279/CTU152/SZX146,"权益:
-前排座位:经济舱前三排座位;()餐食权益:免费机上餐点一份行李权益:免费托运行李额20KG及1件手提行李(7KG20*40*55cm)
(四) Q无代金券
(五)地面权益:为旅客提供登机口优先登机服务(可享受城市: 北京大兴、西安青岛、海口、丽江、杭州、石家庄出港航班，其他城市暂未开通)(六) 额外积分奖励如果乘客为金鹏会员(积分累积仅限金鹏会员旅客)，购票后除基础消费累积8积分110元以外，可额外累积3积分/10元，共11积分/10元: 定级航段为1。(七)自愿改期、退票手续费优惠:(八)免费提供行程单快递服务(仅限首航官网、首航APP、首航官方旗舰店、首航呼叫中心渠道)。",有效,ALL,,
JD,2、商旅优选Q舱,,Q PXQ1,0,10,,基于Q舱代理费上浮10元/段(70元/段）,,ALL,,
JD,3、超值经济舱W舱,,R-K 超值经济舱W(PCJ1),24,80,,"权益:
-前排座位:经济舱前三排座位(餐食权益:免费机上餐点一份:(三)行李权益:免费托运行李额20KG及1件手提行李(7KG,20*40*55cm)(四)50元国内机票代金券(仅限现官网、公众号、APP/H5等自有渠道购买旅客)(五)地面权益:旅客出行可享受专属值机柜台、优先登机、公务舱贵宾室及优先行李提取相关地面保障服务 (可享受城市: 北京大兴、西安、青岛、海口、丽江、杭州、石家庄出港航班，其他城市暂未开通)(六)额外积分奖励如果乘客为金鹏会员(积分累积仅限金鹏会员旅客)，购票后除基础消费累积8积分110元以外，可额外累积3积分/10元，共11积分/10元; 定级航段为1(七)自愿改期、退票手续费优惠(八)免费提供行程单快递服务 (仅限首航官网、首航APP、首航官方旗舰店、首航呼叫中心渠道)。",,ALL,,
JD,4、“特惠行李”E,,E舱  PYE1（包含H/K/L/M/X//N/A/U/T/R 舱位。                                              航线：北京大兴进出港,50,10,,"免费托运行李额 20KG  PYE1；适用经
济舱舱位包含 H/K/L/M/X//N/A/U/T/R  及其子舱位；(单独退票规则，QQ已发政策群）",,ALL,,
JD,5、特惠行李E舱,,运价代码：PYE1,0,,,根据航段不同，溢价不同，提供20KG托运行李,,ALL,,
JD,6、商旅优选E舱,,运价标识：PXE1,0,10,,基于E舱代理费上浮10元/段,,ALL,,
JD,7、优享变更,,运价标识：PTGH1,150,,,外放溢价150元，提供免变更费服务权益,,ALL,,
JD,8、首悦经济舱 P 舱产品,,订P舱  PPC1/PPC3  （N-B）,2,0,,"免费托运行李额：参照下浮前原舱位规定（V\N 舱行李额为
0，其他舱位 10KG,如有运价调整，参见最新运价公布）；                                         4小时含以内100%，4小时-72小时85%，有单独文件客规，参照文件执行",,ALL,,
JD,9、超值公务舱,,订Z舱 （PYY1）,0,20,,"1、经济舱联动上浮，适用舱位:Y/H/K/L/M/X/V/N/A/U/T;
2、服务同正价公务舱服务(地面、空中均适用);
3、代理费:20元/段;
4、行李:手提:2件、7KG/件:托运:30KG:
5、有消费积分。",,ALL,,
JD,10、空中公务舱I,所有航线,订I舱  （PLX1）,0,20,,"1、经济舱联动上浮，适用舱位:Y/H/K/L/M/X/V/N/A/U/T;
2、机上享受公务舱服务，地面不享受;
3、代理费:20元/段;
4、行李:手提:2件、7KG/件;托运:30KG。
5、有消费积分。",,ALL,,
JD,11、首都航空畅行无忧“机+X”,所有航线  PAT:A#C@PAS1,B/H/K/L/M/X/V/N/N1/A/A1/U/U1/T/T1/S/S1/S2(产品代码：PYR1  ）,60,30,,"自愿退票：

1.该产品客票的订座舱位参照现行国内航班多等级舱位管理规定执行办理，以原舱位计算及收取退票费用",,ALL,,
JD,12、首飞有礼,所有航线,"产品权益：20KG 免费托运行李额（其中，在原舱位
H/K/L/M/X舱基础上增加 10KG 行李额，在原舱位V/N/A/U/T/R基础上增加 20KG 行李额）            （25年1月15日重要注意市场，产品必须用指令指令拼运价以及选择对应的运价）                   PAT A@?170",170,50,,BSP：PAT:A#CPAS1/ GP:PAT:A#CPAS1/CGP/CC,,ALL,,
JD,13、倍多分积分溢价,所有航线,"1.产品价格基于经济舱 B/H/K/L/M/X/V/N/A/U/T（含子舱
位）公布运价固定上浮",180,30,,PJF1   1200 积分,,ALL,,
JD,14、免改添翼,所有航线（指定航线）西安进出港和异地航线，具体参照文件）,K/L/M/X/V/N/A/U/T/P/A1/U1/T1/P1,300,100,,MGTA1,,ALL,,
JD,往返无忧,所有航线  直减,H/K/L/M/X/  PWF3,0.03,,,"提前天数：
需航班起飞前2天至12天内预订出票(不含起飞当天)销售日期:政策下发日起至2024年6月30日航班日期:2024年3月31日至2024年6月30日(不含2024年4月30日-5月5日)",,ALL,,
GS,"1、超值经济舱
（国内 W）",所有线,"订W舱  
运价代码：GPYC1 无代理费",360,80,KMG319/KMG279/SZX146,"一、产品权益
（一）免费托运行李额20KG；超大手提行李（20×40×55）1件；
（二）精品餐食一份（70分钟（含）以下航班插放小吃、小矿泉水，71—90分钟（不含）空中提供饮品及点心盒，90分钟（含）以上航班提供饮品及早餐/正餐/点心），后期餐食变更以我处下发业务提示为准；
（三）经济舱前三排座位；
（四）地面服务权益包括：专属值机柜台、贵宾休息室、优先登机；因各机场服务差异性，地面服务权益以机场现场实际保障为准；
（五）会员积分奖励：方案下发日起，金鹏会员乘机可在基础消费积分的基础上额外赠送5积分/10元奖励，其它权益以海航统一要求为准；",有效,ALL,,
GS,"1、超值经济舱
（国内 W）",所有线,"订W舱  
运价代码：GPYC1 无代理费",400,80,KMG319/KMG279/SZX146,"一、产品权益
（一）免费托运行李额20KG；超大手提行李（20×40×55）1件；
（二）精品餐食一份（70分钟（含）以下航班插放小吃、小矿泉水，71—90分钟（不含）空中提供饮品及点心盒，90分钟（含）以上航班提供饮品及早餐/正餐/点心），后期餐食变更以我处下发业务提示为准；
（三）经济舱前三排座位；
（四）地面服务权益包括：专属值机柜台、贵宾休息室、优先登机；因各机场服务差异性，地面服务权益以机场现场实际保障为准；
（五）会员积分奖励：方案下发日起，金鹏会员乘机可在基础消费积分的基础上额外赠送5积分/10元奖励，其它权益以海航统一要求为准；",有效,ALL,,
GS,2、惠享商旅（Q舱）,所有线,订Q舱  代码QU/GPYH1，QU/HYLX1,100,,KMG319/KMG279/SZX146,免费行李20KG,,ALL,,
GS,3、机票Plus（机+积分）,所有线,产品代码：GOOA1 订E舱：H/K/L/M/X,220,35,,（二）旅客乘机后，在原有金鹏积分的基础上，额外赠送1000积分（线下渠道）/1500积分（线上渠道）,,ALL,,
GS,4、商旅经济E舱,所有线,"代码 GPYN1 净结 20 元；
GPYM1 无代理费                                        外放最低舱位为 X（含）以上
时，上浮 130 元；X 舱（不
含）以下时，上浮 170 元，
且 E 舱价格不得大于经济舱
公布普通票价",130,30,,"（一）经济舱餐食一份（70分钟（含）以下航班插放小吃、小矿泉水，71—90分钟（不含）空中提供饮品及点心盒，90分钟（含）以上航班提供饮品及早餐/正餐/点心）；
（二）经济舱前三排座位；
（三）方案下发日起，金鹏会员乘机可在基础消费积分的基础上额外享受2积分/10元奖励，定级权益以海航统一要求为准；
（四）免费托运行李额20KG；超大手提行李（20×40×55）1件；",,ALL,,
GS,5、天津航空会员乐享,"代码 GPYH1 净结 10 元；
代码 GPYJ1 后返 10 元；
GPYG1 无代理费",1.Q舱价格以该航班各渠道经济舱对外开放最低散客舱位（H/K/L/M/X/V/N/A/A1/U/U1/T/T1/P/P1）价格上浮                                             产品代码：HYLX1（线下渠道）,80,20,,"（一）金鹏会员积分：方案执行之日起，金鹏会员乘机可享受基础积分累积；
（二）额外积分奖励：可额外奖励500点金鹏会员积分；；",,ALL,,
GS,6、免改添翼,"MGTA1 上浮 300 ，
MGTB1 上浮 500 ，
MGTC1 上浮 700",K/L/M/X/V/N/A/U/T/P/A1/U1/T1/P1,300,100,,"（一）旅客购买该产品后，在原舱位权益基础上，可额外享有在航班起飞 4 小时前（含）申请改期，可免收变更
费一次，差价正常收取。
（二）代理人销售此高于外放舱位的客票，即可获得额外跨舱代理费奖励，并鼓励代理人给旅客配属其他额外权
益。",,ALL,,
GS,7、海天无限,所有航线：产品代码：GHLC,Y 舱：0%； B/H/K 舱:7%； L/M/X 舱：10%; V/N/特价舱：12%,下浮,5,,行李额20kg，航变无忧退改等权益，天津航空所有授权签约代理人,,ALL,,
GS,8、优享商旅,所有航线,订舱E  联动H/K/L/M/X 产品代码：THEA1,330,150,KMG319/KMG279/SZX146,"自愿退票手续费：航班计划出港时间前 4 小时（不含）至
航班起飞后每次收取对应票价 70%；航班计划出港时间前 48 小
时（不含）至航班计划出港时间前 4 小时（含）每次收取对应票
价 60%；航班计划出港时间前 72 小时（不含）至航班计划出港
时间前 48 小时(含）每次收取对应票价 45%；航班计划出港时间
前 336 小时（不含）至航班计划出港时间前 72 小时（含）每次
收取对应票价 30%；航班计划出港时间前 336 小时（含）之前
每次收取对应票价 15%。",,ALL,,
FU,1、高返政策,所有航线,W舱   标识：GFFC,300,150,KMG319/KMG279/CTU152,"1.订座舱位：W；
2.产品权益：
⑴免费托运行李额20KG；
⑵免费手提行李7KG；
⑶餐食（计划飞行时间≥1小时40分钟航段提供，部分特殊航段不适用，具体以销售界面提示为准)、饮品； 
⑷经济舱前三排座位；",有效,ALL,,
FU,2、机+X类溢价,所有航线（优享积分）,外放舱位：标识 FJFA,60,10,KMG319/KMG279/CTU152,额外400消费积分,,ALL,,
FU,3、传统溢价,超值经济舱,订:W舱   ZUNX,130,15,KMG319/KMG279/CTU152,"1.经济舱前三排座位
2.机上餐食(计划飞行时间>100分钟)
3.退改手续费优惠",,ALL,,
GT,1、高舱高返,所有航线,订座舱位：B/H/K/L/M/X/V/N/Q/A/U/T（H舱-T舱：8.4折-2.6折）                                    运价标识：YGFC150/YGFC260/YGFC450,150,80,/,20KG托运行李额（一个季度产品销量2.5万元）,有效,ALL,,
GT,2、超值经济舱,所有航线,订D舱   （L舱-T舱：6.8折-2.6折）,200,40,,"1、20KG免费托运行李额
2、提前官网前排选座（具体可选座位以官网系统开放座位为准）
3、机上精品餐食一份
4、航班起飞前24小时外免费自愿退票或免费自愿同舱改期一次权益（免费退票和免费改期权益不能同时使用）。",,ALL,,
GT,3、超值经济舱W舱,所有航线,订W舱,300,40,,"1、免费行李20KG
2、航班起飞前4小时（含）外免费改期
3、经济舱前三排 ，专属值机柜台，指定贵宾休息室，优先登机",,ALL,,
GT,4、乐享经济舱,所有航线,订E舱  V舱-T舱：4.8折-2.6折,80,10,,10KG免费托运行李额,,ALL,,
GT,4、乐享经济舱,所有航线,订E舱  V舱-T舱：4.8折-2.6折,120,10,,10KG免费托运行李额,,ALL,,
UQ,特惠行李,所有航线,订E舱  运价标识：ECYJ V\N\Q\A\U\T\Z\Z1\Z2\Z3\Z4,100,20,KMG319/KMG279,"托运：20KG
手提：限一件， 体积不得超过 20*40*30 厘米， 重量不得超过 7 公斤",有效,ALL,,
UQ,特惠行李,所有航线,订E舱  运价标识：ECYJ V\N\Q\A\U\T\Z\Z1\Z2\Z3\Z4,120,20,KMG319/KMG279,"托运：20KG
手提：限一件， 体积不得超过 20*40*30 厘米， 重量不得超过 7 公斤",有效,ALL,,
UQ,超值积分,精品航线 额外积分加赠（400/800）,订E舱  JFA1/JFB1 V\N\Q/A\U\T\Z\Z1\Z2\Z3\Z4  PAT:A/ PAT:A#C@JFB1,400,20,,"托运行李额： 20KG。
随身行李额： 体积不得超过 20*40*55 厘米， 重量不得超过 7 公斤。",,ALL,,
UQ,超值积分,精品航线 额外积分加赠（400/800）,订E舱  JFA1/JFB1 V\N\Q/A\U\T\Z\Z1\Z2\Z3\Z4  PAT:A/ PAT:A#C@JFB1,800,50,,"托运行李额： 20KG。
随身行李额： 体积不得超过 20*40*55 厘米， 重量不得超过 7 公斤。",,ALL,,
UQ,积分乐享,H\K\L\M\X,订E舱  JFC1  _x0010_PAT:A#C@JFC1,60,20,,提供 20KG托运行李额，额外赠送400积分（加赠消费积分， 不作会员定级、 升保级使用）,,ALL,,
UQ,精品航线“智选经济舱”,所有航线,订W舱  H\K\L\M\X\V\N\Q\A\U\T\Z\Z1\Z2\Z3\Z4 运价标识：JPC1,160,20,,"（ 一） 优先登机服务。
（ 二） 客票变更手续费优惠（ 见退改签规定） 。
（ 三） 超大手提行李： 一件重量在 7 公斤（ 含） 以内， 体积不超过 20CM× 40CM× 55CM 的非托运行李。
（ 四） 基础消费积分： 10 元/10 积分。
（ 五） 额外积分奖励： 10 元/2 积分。 
（六）有单独的退票政策",,ALL,,
UQ,差异化航线“智选经济舱”,所有航线,订W舱  H/K/L/M/X  运价标识：WCCJ,160,20,,"（ 一） 优先登机服务。
（ 二） 客票变更手续费优惠（ 见退改签规定） 。
（ 三） 基础消费积分： 10 元/10 积分。
（ 四） 额外积分奖励： 10 元/2 积分。
（ 五） 免费托运行李额： 20KG。
（ 六） 超大手提行李： 一件重量在 7 公斤（ 含） 以内， 体积不超过 20CM× 40CM× 55CM。                              （七）有单独的退票政策",,ALL,,
UQ,优选公务舱,所有航线,I舱  Y/H/K/L/M/X/V/N/Q/A/U/T  运价标识：ICYJ,1500,50,,"（ 一） 享受公务舱座位。
（ 二） 为旅客提供专属值机柜台。
（ 三） 优先行李服务。
（ 四） 优先安检通道。
（ 五） 优先登机服务。
（ 六） 行李额。
1.随身行李额： 每人可以随身携带两件物品； 每件体积不得超过 20*40*55 厘米， 每件重量不得超过 7 公斤。
2.托运行李额： 30KG。
（ 七） 金鹏俱乐部在常旅客系统设置乌鲁木齐航空“优选公务舱” I 舱产品积分累积规则， 金鹏会员购买此产品乘机后，可享受获得常规消费积分奖励。
（ 八） 出票单位应在购票环节提示旅客， 如旅客非金鹏会员， 需在乘机前注册为金鹏会员， 否则影响积分累积。 在线注册渠道： 金鹏官网 ffp.hnair.com（ 支持手机端） ， 旅客实际成行后， 积分将自动累积至金鹏会员账户。航线YB<1500元，上浮Y35%;
1500元≤YB<2500元，上浮Y30%;
YB≥2500，上浮Y25%",,ALL,,
UQ,改期优享,所有航线                                     购买“改期优享” 产品的旅客， 可获赠该机票在航班计划出港时间前 24 小时（ 含） 以前， 免出行日期变更费的权益。有单独的退改签政策,订R舱  H/K/L/M/X  运价标识GQA1,90,30,,"托运：20KG
手提：限一件， 体积不得超过 20*40*30 厘米， 重量不得超过 7 公斤",,ALL,,
UQ,微积分,所有航线,H\K\L\M\X\V\N\Q\A\U\T\Z\Z1\Z2\Z3\Z4  PAT:A#C@WJF1  运价标识：WJF1,30,15,,金鹏会员购买该产品额外加赠 100 金鹏会员积分（本产品奖励积分为消费积分， 不作会员定级、 升保级使用）。乌鲁木齐航空国内自营航班（ 包机及乌鲁木齐航空为市场方的代码共享航班除外）,,ALL,,
9H,1、机+积分溢价,所有航线,H/K/L/M/X/V/N/A/U/T(A1/U1/T1) 运价标识：CJD1/CJH1/CJK1/CJL1,60,10,KMG319/KMG279,"额外获得消费积分:400积分/800积分/1200积分/1600积分
CJA1   1000积分
CJB1    2000积分
CJC1    3000积分",有效,ALL,CJD1,CJD1
9H,2、超值经济W舱,所有航线,订W舱：运价代码 WXJA/WXJB/WGCA/WGCB/WGCC,140,0,,"1.免费托运行李额20KG；
2.可免费携带一件7KG且体积不超过20cm*40cm*55cm的非托运行李；
3.客票变更手续费优惠（见自愿变更条款）；
4.积分标准为125%×K；
5.享受会员定级航段标准为1.5个。

地面服务：
1.经济舱前三排座位；
2.专属值机柜台（仅限西安机场N21-N23柜台）；
3.优先登机服务(以机场实际保障为准);
4.客舱姓氏尊称服务；
5.饮品一瓶；",,ALL,WXJB,WXJB
9H,3、常飞长安机票产品,指定航线,"H/K/L/M/X/V/N/A/U/T(A1/U1/T1)  
Y+CFC1或CFC2或CFC3或CFC4或CFC5或CFC6或CFC7或CFC8+上浮金额

H1-R1,D1/D2/D3/D4：Y+订座舱位+ CFC1或CFC2或CFC3或CFC4或CFC5或CFC6或CFC7或CFC8+上浮金额

BSP固定指令：PAT:A#CCFCA   B/C/D/E/F/G/H   不同挡位修改最后一个字母200-1100上浮

GP固定指令：PAT:A#CCFCA/CGP/CC   B/C/D/E/F/G/H   不同挡位修改最后一个字母200-1100上浮",200,100,,"1.H/K/L/M/X舱在原舱位基础上增加10KG行李额，免费托运行李额30KG；
2.V/N/A/U/T（A1/U1/T1）舱在原舱位基础上增加20KG行李额，免费托运行李额20KG。
3.可免费携带一件7KG且体积不超过20cm*40cm*30cm的手提行李；
4.根据订座舱位按长安航空现行多等级规定及不正常航班票务处理规定办理。
此高舱高返产品，代理人可自由打包地面服务",,ALL,CFCA,CFCA
9H,4、,适用航线及产品代码：长安航空国内自营航线（包机、代码共享航班除外）,H/K/L/M/X/V/N/A/U/T(A1/U1/T1)(产品运价：SLCC）,180,75,,3.溢价180元产品（增值类服务）适用航线：全航线；,,ALL,SLCC,SLCC
9H,5、特惠行李E舱,,订E舱，运价标识：EFLA/EFLB/EFLC/EFLD/EGLA/EGLB,120,15,,"1.免费托运行李额20KG；
2.可免费携带一件7KG且体积不超过20cm*40cm*30cm的手提行李；
3.客票变更手续费优惠（见自愿变更条款）；
4.享受会员定级积分标准为75%×K；
5.享受会员定级航段标准为 1个。",,ALL,EFLA,EFLA
9H,6、贵宾优享机票产品,长安航空国内西安出港自营航线（代码共享航班除外）,H/K/L/M/X/V/N/A/U/T(A1/U1/T1) 产品代码：GBYX,180,90,,产品权益：1.专属值机柜台(仅限西安机场E69-E70柜台)；2.西安机场贵宾室服务。,,ALL,GBYX,GBYX
9H,7、长安航空退改惠享机票产品,所有航线,H/K/L/M/X；  V/N/A/U/T（A1/U1/T1）,75,10,KMG319/KMG279,"1.起飞前48小时（含）外，首次改期享免费改期一次。（注：改期后客票不再享有起飞前48小时（含）外，免费改期一次的权益）
2.H/K/L/M/X/V/N/A/U/T（A1/U1/T1）舱免费托运行李额与订座舱位保持一致。
3.可免费携带一件7KG且体积不超过20cm*40cm*30cm的手提行李；
4.客票变更手续费优惠（见自愿变更条款）。",有效,ALL,TGHA/TGHB,TGHA/TGHB
9H,7、长安航空退改惠享机票产品,所有航线,H/K/L/M/X；  V/N/A/U/T（A1/U1/T1）,115,10,KMG319/KMG279,"1.起飞前48小时（含）外，首次改期享免费改期一次。（注：改期后客票不再享有起飞前48小时（含）外，免费改期一次的权益）
2.H/K/L/M/X/V/N/A/U/T（A1/U1/T1）舱免费托运行李额与订座舱位保持一致。
3.可免费携带一件7KG且体积不超过20cm*40cm*30cm的手提行李；
4.客票变更手续费优惠（见自愿变更条款）。",有效,ALL,TGHA/TGHB,TGHA/TGHB
9H,8、长安航空乐享优返机票产品,所有航线,H/K/L/M/X/V;   N/A/U/T (A1/U1/T1),30,12,KMG319/KMG279,根据订座舱位按长安航空现行多等级规定标准，须使用自动退票指令进行办理，若无法使用自动退票指令时，方可使用手工退票办理。具体操作方式以我司现行《长安航空国内航班TRI自动变更操作规定》的通知及多等级舱位管理规定为准。,适用航班日期：2025年10月21日16:00（含）起,ALL,LXL1/LXL3,LXL1/LXL3
BK,1、S舱高返产品,所有航线,S舱，YGF01/*,80,50,KMG319/KMG279,航班起飞 48 小时《含) 前免变更手续费一次,有效,ALL,,
GJ,1、商务优行,s,Z/U/V/G/Q/P/L/H/B (运价标识：YYX),差价,0.6,KMG319/KMG279/CTU152,"选择任意高于外放舱位，带有YYX代码的运价，订高舱减低舱差价*60%,运价代码：运价代码：VYX10Z",有效,ALL,,
GJ,2、尊享优+,所有航线（产品代码：ZXY）,B/H/L/Q/V/U,180,110,KMG319/KMG279/CTU152,"1.改签、退票按照按照票面价格*预定舱位相应退改签规则操作
2.没有单独行李，按照正常舱位
3.电话：0571-81689805

4小时以前免费改签一次，
不含EDI舱
PAT A#CZXY/CGP/CC,
PAT A#CZXY
PAT:A 或 PAT:A#CGP/CC",有效,ALL,,
GJ,3、轻松驿客                   （休息室）,全国  产品代码：VL,I/D/E/Z/U/V/G/Q/P/L/H/B(均含子舱位）,150,70,KMG319/KMG279/CTU152,舱位+VL+150,有效,ALL,,
GJ,4、积分优享,所有航线,外放舱位（舱位代码 +JFYX +直加金额),40,20,KMG319/KMG279/CTU152,500积分/500积分/500积分/500积分/500积分/1000积分/1500积分/2000积分/2500积分,有效,ALL,,
GJ,5、多段有礼,所有航线,Y-I 舱（ 含子舱位， 不含 11/12/13)产品运价LDCP 订座舱位对应运价基础+LDCP+下浮比例,3,,KMG319/KMG279/CTU152,"Y-Z 舱（含子舱位）优惠舱位对应公布运价的 5%,E/D/I 舱（ 含
子舱位， 不含 I1/I2/I3)优惠舱位对应公布运价的 3%。",有效,ALL,,
GJ,6、TMC,所有航线,外放舱位 运价代码：*TMC+上浮金额,180,126,KG319,,有效,ALL,,
GJ,7、云南同邦TMC,所有航线,"C:96折
Y/B：94折
H/L/P/Q/G/V/U/Z：97折",直减,,KMG319,云南同邦TMC                                                               PAT A#CDKH300759,,ALL,,
A6,1、G舱星享经济舱,所有航线,订G舱：B、H、N、T、U、A、I、R、J、K、L、Q、D、M、O 及其子舱位,150,50,KMG319/KMG279,"1、舱位：G
2、产品名称：星享经济舱
3、产品标签：“首排座位”、“优先登机”
4、产品说明：可享受经济舱第一排宽距座位、优先登机、空中
服务、机上矿泉水一瓶、毛毯一条、靠枕一个；享受免费托运行李额
20KG。非自愿签转规则：该客票如发生不正常航班，如需签转可签转
至协议航司普通经济舱。",有效,ALL,GGFA150,GGFA150
A6,2、商务如意行,所有航线：除(包机航线：南京，呼和浩特，产品无运价，如有团队单独申请产品单团单议产品价格）,"固订X舱，联动：关联舱位：B、H、N、T、U、A、I、R、J、K、L、Q、D、 M、O 及其子舱位  前返                 (XRYA15S/XRYA2B),(XRYA3B/XRYA4B/XRYA6B/XRYA8B)(60%-70%)",150,90,,"1.提供一次航班起飞前 24 小时以外的同等舱位同等价格免费 改期权益
2.20KG 免费托运行李额
3.参照湖南航空股份有限公司国内客票使用条件（2022 年 3 月版）执行。",,ALL,XRYA15S,XRYA15S
A6,3、“优享行李”产品,所有航线,订X舱 关联舱位：A/I/R/J/K/M/L/Q/O 及其子舱位 （XYHA60和XYHA100）,60,0,,"1.免费行李20KG
2.订座舱位＋YHA50，订座舱位＋YHA80
3.在客票有效期内，客票退改签按照湖南航空股份有限公司国内客票使用条件（最新版）执行",,ALL,,
A6,4、夏秋航季座位预留服务,湖南航空所有自营航班，不含包机航线。,"B、H、N、T、U、A、I、R、J、K、L、Q、D、M、O 及其子舱位 
及其子舱位 (舱位+XZA50-舱位+XZA600)前返",50,20,,"、选座券使用说明
（一）本产品需由销售渠道负责为购买产品的旅客使用选座
券在湖南航空小程序进行选座并保障权益使用，不可转赠或转售
选座券给旅客，如因旅客自行使用产生的相关问题由销售渠道负
责；
（二）选座券可用时间：航班起飞前 14 天-航班起飞前 2 小
时；
（三）每张选座券仅可为单人使用，每次选座仅可使用一张，
多人选座需分开下单选座。
（四）选座券查看：登录湖南航空小程序，点击“我的”-“红
包卡券” 查看已有选座券数量、有效期及使用说明等信息。
（五）选座流程：
Step1：进入首页-出行助手“选座服务”；
Step2：输入信息，点击“查询”；
Step3：筛选所需选座航班点击“选座”；
STEP4：选择心仪座位后仔细阅读并勾选《湖南航空会员积分
选座服务须知》等服务协议，选择“选座产品优惠券”抵扣选座
积分，点击“去支付”完成选座；                                           退票规则：参照湖南航空股份有限公司国内客票使用条件执行",,ALL,舱位+XZA5S,舱位+XZA5S
A6,5、冬春航季优享退票产品,所有航线,"适用订座舱位：B、H、N、T、U、A、I、R、J、K、L、Q、D、M、O
及其子舱位 （舱位+TPA100，舱位+TPA200）",100,20,,"为更好保障旅客出行权益，为旅客出行规划提供多种选择，提升服务
保障型产品收入，现推出优享退票产品，旅客购买后在当次航班起飞时间
前 24 小时（含）之前申请自愿退票，可享退票手续费按照客票票面价的
10%收取权益一次。",,ALL,,
GX,1、商务经济舱,所有线,W舱,380,40,KMG319/KMG279,"1、25KG免费托运行李额，手提行李尺寸20*40*55CM 1件
2、前排座位（A320机型前6排、E190机型前3排）
3、6小时外免变更费改期一次、金鹏会员定级积分、定级航段奖励
4、专属值机柜台、优先行李、头等舱安检通道、头等舱休息室、优先登机（请提示旅客务必前往人工柜台办理值机手续）
5、餐食、饮品、毛毯new（航班日期3月31日起升级）",有效,ALL,,
GX,2、优享积分,所有航线,"H/K/L/M/X/V/N/Q/A/U/T/Z（含小舱）
可累计积分舱位；V/N/Q/P/A/U/T舱位为不可累计积分舱位，该部分舱位仅可通过购买本产品才可积分）；",120,10,,"1、额外获赠800/1600/2400积分
2、5折以下舱位赠送20KG免费托运行李额",有效,ALL,,
GX,3、行李无忧,所有航线,V/N/Q/A/U/T/Z（含小舱）产品运价代码：XLWY,90,8,,五折以下舱位含20KG行李（除精品航线外其他普通航线5折以下无行李，可销售）,,ALL,,
GX,4、高舱高返,所有航线（北部湾航空国内自营E190机型航班）,"订E舱                                            1、退改优惠
2、20KG免费托运行李额",200,100,,CXLA1,有效,ALL,,
GX,5、特惠行李,所有航线,订E舱  产品代码：THXL,90,8,,五折以下舱位含20KG行李（除精品航线外其他普通航线5折以下无行李，可销售）,,ALL,,
GX,6、尊享经济舱,所有航线,适用舱位： C舱； 产品运价标识：ZXJJ,200,50,,"1、25KG免费托运行李额，手提行李尺寸20*40*55CM 1件
2、前排座位（A320机型前6排、E190机型前3排）
3、退改优惠、金鹏会员定级积分、定级航段奖励
4、餐食、饮品、毛毯new（航班日期3月31日起升级）",,ALL,,
QW,1、商旅首选积分加享,不含代码共享航班和包机航线。 现阶段包机航班为：青岛=宜宾=西双版纳、兰州=宜宾=西双版纳。,包机航线：包机 航线：青岛=宜宾=版纳，温州=衡阳=德宏,0,,KMG319/KMG279,,有效,ALL,,
QW,2、商务优行礼品赠,,上浮70元，120元，200元，400，赠送礼物,70,,,"1.赠小机模,2.大机模, 3.U 型枕，4.小巨蛋",,ALL,,
QW,2、商务优行礼品赠,,上浮70元，120元，200元，400，赠送礼物,120,,,"1.赠小机模,2.大机模, 3.U 型枕，4.小巨蛋",,ALL,,
QW,2、商务优行礼品赠,,上浮70元，120元，200元，400，赠送礼物,200,,,"1.赠小机模,2.大机模, 3.U 型枕，4.小巨蛋",,ALL,,
QW,2、商务优行礼品赠,,上浮70元，120元，200元，400，赠送礼物,400,,,"1.赠小机模,2.大机模, 3.U 型枕，4.小巨蛋",,ALL,,
QW,3、商务优享,青岛航空国内自营航班（包机、代码共享航班除外）,"订座舱位：（Y/B/H/L/P/Q/G/V/I 舱）
联动舱位：联动舱位：L/P/Q/G/V/U/Z/R/N/E
运价标识：SW",差价,0.6,,"运价基础：预定舱位+上浮折扣+SW+联动舱位原始运
价基础",,ALL,,
PN,智选经济舱,公务舱（空中商务）,订I舱，产品代码：KZSW,20,40,KMG319/KMG279,"1.公务舱座位
2.公务舱餐饮（各航线食品种类有差异，请以实际提供为准）
3.品质客舱服务（特别赠送精美礼品包：包含16CM飞机模型、腰垫等，礼品包内容时有调整，以实际赠送内容为准）
4.30KG免费托运行李额
5.两件重量在7公斤（含）以内，尺寸不超过20CM×40CM×55CM的手提行李
6.金鹏会员积分（该积分为金鹏会员旅客专享，旅客需在乘机前注册为金鹏会员，否则影响积分累积。在线注册渠道：西部航空、金鹏俱乐部官网/手机端等）
7.特别提示：本产品不享受头等舱休息室、优先登机、优先值机、公务舱安检通道、贵宾摆渡车等地面服务权益
8.本产品儿童票价及增值权益与成人相同； 婴儿票价按照各航线现有标准执行，不享受产品对应的附加权益
9.产品非自愿退改签依照西部航空最新不正常航班管理相关规定执行，具体可详询航司热线95373",有效,ALL,,
PN,普通经济舱,特惠行李,订E舱，产品代码THXL,65,15,,"1.20KG免费托运行李额
2.航空意外险（由航司负责投保，详询航司热线95373）
3.儿童产品票价及增值权益与成人相同； 婴儿票价按照各航线现有标准执行，不享受产品对应的附加权益
4.本产品为西部航空经济舱产品，非自愿退改签按照经济舱规则处理，具体可详询航司热线95373",,ALL,,
NS,1、乐享行李,"1.非“一线一策”航班：
订座R/U/Z舱，在外放R/U/Z舱的基础上加价销售，可得10-30kg行李额。
2.“一线一策”航班：SJWTFU/SJWSYX/SJWHAK/SJWKMG 往返；INCGYU/HGHUCB/SHECKG 单程；
3.大兴出港航班：订座R/U/Z舱，在外放R/U/Z舱的基础上加价销售，可得30kg行李额。",R/U/Z舱  PAT:A#CLXXL/PAT:A,1.,1.,KMG319/KMG279,"1.非“一线一策”航班：G120F20/T180F60/W260F90
2.“一线一策”航班:详见产品通告
3.大兴出港：G120F20",2025-12-31 00:00:00,ALL,,
NS,1、乐享行李,"1.非“一线一策”航班：
订座R/U/Z舱，在外放R/U/Z舱的基础上加价销售，可得10-30kg行李额。
2.“一线一策”航班：SJWTFU/SJWSYX/SJWHAK/SJWKMG 往返；INCGYU/HGHUCB/SHECKG 单程；
3.大兴出港航班：订座R/U/Z舱，在外放R/U/Z舱的基础上加价销售，可得30kg行李额。",R/U/Z舱  PAT:A#CLXXL/PAT:A,180,60,KMG319/KMG279,"1.非“一线一策”航班：G120F20/T180F60/W260F90
2.“一线一策”航班:详见产品通告
3.大兴出港：G120F20",2025-12-31 00:00:00,ALL,,
NS,1、乐享行李,"1.非“一线一策”航班：
订座R/U/Z舱，在外放R/U/Z舱的基础上加价销售，可得10-30kg行李额。
2.“一线一策”航班：SJWTFU/SJWSYX/SJWHAK/SJWKMG 往返；INCGYU/HGHUCB/SHECKG 单程；
3.大兴出港航班：订座R/U/Z舱，在外放R/U/Z舱的基础上加价销售，可得30kg行李额。",R/U/Z舱  PAT:A#CLXXL/PAT:A,260,90,KMG319/KMG279,"1.非“一线一策”航班：G120F20/T180F60/W260F90
2.“一线一策”航班:详见产品通告
3.大兴出港：G120F20",2025-12-31 00:00:00,ALL,,
NS,2、冀悦行,"1、订票舱位代码+JY+产品运价+F+定额代理费,
2、一次免收自愿变更手续费或免收自愿退票费（二选一）
3、石家庄机场出港专属值机柜台权益","仅限B/M/L/K/N/Q/V/T/R/U/Z舱及其子舱位，PAT:A/
PAT:A#CJYX",120,40,,"1、订票舱位代码+JY+产品运价+F+定额代理费,
2、一次免收自愿变更手续费或免收自愿退票费（二选一）
3、石家庄机场出港专属值机柜台权益",2025-12-31 00:00:00,ALL,,
NS,2、冀悦行,"1、订票舱位代码+JY+产品运价+F+定额代理费,
2、一次免收自愿变更手续费或免收自愿退票费（二选一）
3、石家庄机场出港专属值机柜台权益","仅限B/M/L/K/N/Q/V/T/R/U/Z舱及其子舱位，PAT:A/
PAT:A#CJYX",240,80,,"1、订票舱位代码+JY+产品运价+F+定额代理费,
2、一次免收自愿变更手续费或免收自愿退票费（二选一）
3、石家庄机场出港专属值机柜台权益",2025-12-31 00:00:00,ALL,,
NS,2、冀悦行,"1、订票舱位代码+JY+产品运价+F+定额代理费,
2、一次免收自愿变更手续费或免收自愿退票费（二选一）
3、石家庄机场出港专属值机柜台权益","仅限B/M/L/K/N/Q/V/T/R/U/Z舱及其子舱位，PAT:A/
PAT:A#CJYX",360,140,,"1、订票舱位代码+JY+产品运价+F+定额代理费,
2、一次免收自愿变更手续费或免收自愿退票费（二选一）
3、石家庄机场出港专属值机柜台权益",2025-12-31 00:00:00,ALL,,
NS,2、冀悦行,"1、订票舱位代码+JY+产品运价+F+定额代理费,
2、一次免收自愿变更手续费或免收自愿退票费（二选一）
3、石家庄机场出港专属值机柜台权益","仅限B/M/L/K/N/Q/V/T/R/U/Z舱及其子舱位，PAT:A/
PAT:A#CJYX",480,180,,"1、订票舱位代码+JY+产品运价+F+定额代理费,
2、一次免收自愿变更手续费或免收自愿退票费（二选一）
3、石家庄机场出港专属值机柜台权益",2025-12-31 00:00:00,ALL,,
NS,2、冀悦行,"1、订票舱位代码+JY+产品运价+F+定额代理费,
2、一次免收自愿变更手续费或免收自愿退票费（二选一）
3、石家庄机场出港专属值机柜台权益","仅限B/M/L/K/N/Q/V/T/R/U/Z舱及其子舱位，PAT:A/
PAT:A#CJYX",600,230,,"1、订票舱位代码+JY+产品运价+F+定额代理费,
2、一次免收自愿变更手续费或免收自愿退票费（二选一）
3、石家庄机场出港专属值机柜台权益",2025-12-31 00:00:00,ALL,,
NS,3、GP产品,所有航线,"免退改权益：仅限B/M/L/K/N/Q/V/T/R/U/Z 舱
行李额权益：R/U/Z舱（限GP出票指令自动出票，不得修改价格）",220,70,,"1、专属客户经理服务权益（专属客户经理服务权益由出票方提供，包括一对一服务、全天不限时售后等内容）
2、一次免收自愿变更手续费或免收自愿退票费（二选一）
3、大兴出港航班：订座R/U/Z舱，在外放R/U/Z舱的基础上加价销售，可得30kg行李额。
其他航班：订座R/U/Z舱，在外放R/U/Z舱的基础上加价销售，可得10-30kg行李额。
3.仅限成人GP客户。",2025-12-31 00:00:00,ALL,,
NS,3、GP产品,所有航线,"免退改权益：仅限B/M/L/K/N/Q/V/T/R/U/Z 舱
行李额权益：R/U/Z舱（限GP出票指令自动出票，不得修改价格）",340,110,,"1、专属客户经理服务权益（专属客户经理服务权益由出票方提供，包括一对一服务、全天不限时售后等内容）
2、一次免收自愿变更手续费或免收自愿退票费（二选一）
3、大兴出港航班：订座R/U/Z舱，在外放R/U/Z舱的基础上加价销售，可得30kg行李额。
其他航班：订座R/U/Z舱，在外放R/U/Z舱的基础上加价销售，可得10-30kg行李额。
3.仅限成人GP客户。",2025-12-31 00:00:00,ALL,,
NS,3、GP产品,所有航线,"免退改权益：仅限B/M/L/K/N/Q/V/T/R/U/Z 舱
行李额权益：R/U/Z舱（限GP出票指令自动出票，不得修改价格）",480,150,,"1、专属客户经理服务权益（专属客户经理服务权益由出票方提供，包括一对一服务、全天不限时售后等内容）
2、一次免收自愿变更手续费或免收自愿退票费（二选一）
3、大兴出港航班：订座R/U/Z舱，在外放R/U/Z舱的基础上加价销售，可得30kg行李额。
其他航班：订座R/U/Z舱，在外放R/U/Z舱的基础上加价销售，可得10-30kg行李额。
3.仅限成人GP客户。",2025-12-31 00:00:00,ALL,,
NS,3、GP产品,所有航线,"免退改权益：仅限B/M/L/K/N/Q/V/T/R/U/Z 舱
行李额权益：R/U/Z舱（限GP出票指令自动出票，不得修改价格）",600,190,,"1、专属客户经理服务权益（专属客户经理服务权益由出票方提供，包括一对一服务、全天不限时售后等内容）
2、一次免收自愿变更手续费或免收自愿退票费（二选一）
3、大兴出港航班：订座R/U/Z舱，在外放R/U/Z舱的基础上加价销售，可得30kg行李额。
其他航班：订座R/U/Z舱，在外放R/U/Z舱的基础上加价销售，可得10-30kg行李额。
3.仅限成人GP客户。",2025-12-31 00:00:00,ALL,,
NS,3、GP产品,所有航线,"免退改权益：仅限B/M/L/K/N/Q/V/T/R/U/Z 舱
行李额权益：R/U/Z舱（限GP出票指令自动出票，不得修改价格）",280,90,,"1、专属客户经理服务权益（专属客户经理服务权益由出票方提供，包括一对一服务、全天不限时售后等内容）
2、一次免收自愿变更手续费或免收自愿退票费（二选一）
3、大兴出港航班：订座R/U/Z舱，在外放R/U/Z舱的基础上加价销售，可得30kg行李额。
其他航班：订座R/U/Z舱，在外放R/U/Z舱的基础上加价销售，可得10-30kg行李额。
3.仅限成人GP客户。",2025-12-31 00:00:00,ALL,,
NS,3、GP产品,所有航线,"免退改权益：仅限B/M/L/K/N/Q/V/T/R/U/Z 舱
行李额权益：R/U/Z舱（限GP出票指令自动出票，不得修改价格）",360,120,,"1、专属客户经理服务权益（专属客户经理服务权益由出票方提供，包括一对一服务、全天不限时售后等内容）
2、一次免收自愿变更手续费或免收自愿退票费（二选一）
3、大兴出港航班：订座R/U/Z舱，在外放R/U/Z舱的基础上加价销售，可得30kg行李额。
其他航班：订座R/U/Z舱，在外放R/U/Z舱的基础上加价销售，可得10-30kg行李额。
3.仅限成人GP客户。",2025-12-31 00:00:00,ALL,,
NS,4、航信优选,在河北航实际承运的国内部分航线航班FD公布运价基础上，上浮加价可获得由中航信商旅优选平台提供的相应的休息室、行李配送、快速安检等额外服务权益.（本产品由中航信商旅优选平台提供相应服务）,仅限B/M/L/K/N/Q/V/T舱及特价舱（R/U/Z） PAT:A,200,40,,"1.“机+休息室”票价级别为订票舱位代码+HXXX+产品运价；
2.“机+行李配送”票价级别为订票舱位代码+HXPS+产品运价；
3.“机+快速安检”票价级别为订票舱位代码+HXAJ+产品运价",2025-12-31 00:00:00,ALL,,
NS,5、高舱产品,所有航线,Y/B/M/L/K/N/Q/V/T舱  PAT:A 订座舱位+实时外放最低舱位+TC+航线类别+001,根据其所订舱位与外放舱位价差,25,,"在外放低舱时可直接预订高舱出票，根据其所订舱位与外放舱位价差，给予相应比例的代理费奖励。
需向旅客提供专属客户服务。
需向旅客说明产品权益和当前外放价格供旅客自主选择，与旅客达成一致后再行出票。",长期有效,ALL,,
NS,6、畅飞商旅,所有航线，免改产品,B/M/L/K/N/Q/V/T/R/U/Z 舱                             出票指令：PAT:A#C23SCCP004                 PAT:A#C23SCCP004/CGP/CC,220,70,,"购买本产品的客户仅限在航班计划起飞时间前
72/48/24/12 小时（不含）以外享有 1 次免收自愿变更费的
权益，超过该范畴的部分按照当期有效《河北航国内旅客运
输票价和使用条件》办理",有效,ALL,,
G5,两舱类,B41   AB41优享公务舱,A,200,30,KMG319/KMG279,公务舱服务+赠月卡视频会员+华夏PLUS月卡,有效,ALL,,
G5,溢价类,所有航线：高舱高返,外放经济舱 A01 A0101,160,80,,赠月卡视频会员+会员积分+代理人提供权益,,ALL,,
G5,权益类,所有航线,A05  外放经济舱,100,60,,双倍会员积分+优先选座,,ALL,,
G5,积分/行李类,机+PLUS积分,订Z舱：A31，运价标识A3101,120,12,,会员积分500+PLUS月卡+优先选座+行李额,,ALL,,
G5,区域产品,助力复工(内蒙航线),M24  订：外放经济舱,80,50,,代理人提供服务,,ALL,,
TV,1、商行无忧产品,所有航线,R舱以上订座上浮 (*YFP0050/*YFP0090/*YFP0140/*YFP0240/*FP0340),40,20,KMG319/KMG279/CTU152,按客规执行,2025年9月1日-2025年10月25日（含）,ALL,,
TV,2、任意两段 优惠,所有航线,两段以上优惠政策,直减,2,,PAT A 直减政策,有效,ALL,,
TV,3、商易行产品,所有航线,2023.10.29-12.31  订座舱位Y/B/B1/M/M1/H/H1/K/K1                                              LD（产品标识）,差价,0.7,,"差价= Y舱全价*上浮幅度比例（四舍五入到十位），
产品服务费=差价*佣金比例（四舍五入到个位）。

授权渠道享受产品服务费需满足产品当月销售额（不含税费）
10000元（含）以上，同时授权渠道须提供发票方可享受，每月结
算一次",,ALL,,
TV,4、机＋X,（一）适用航班：西藏航实际承运航班（包机及代码共享航班除外）,"适用舱位：公布运价B/B1/M/M1/H/H1/K/K1/L/L1/
J/J1/Q/Q1舱；私有运价G/G1/G2舱，见舱销售）",0,50,,"3．产品服务费：按该产品实际成行航段结算，9.08-10.28：产品服务费B-G舱调整为50元/段，当期销售服务费总金额低于500元的不予结算。
（八）运价基础：*YJJX    产品大客户代码：JJX；",,ALL,,
TV,5、尊适行,开放 适用舱位：B-R舱（含小舱位）舱,"Y-R                                                             （六）运价基础：*YZSX180/*YZSX200/*YZSX240
（七）EI 项：不得签转/ZSX",180,30,,"1.提供免费茶歇、零食自助服务；
2.正餐时间段提供自助热餐食；
早餐 因季节变化早餐提供时间会有所变化，具体为该航季
计划首班起飞时刻前 70 分钟开始，时长为 3 小时。
午餐 11:30-13:30晚餐 17:00-19:00
3.提供报刊、杂志等阅览资料；4.提供航班信息服务；
5.提供现场接待服务；6.提供免费 WIFI；7.提供按摩椅；
8.提供独立卫生间；9.登机到点提醒服务。航班起飞前旅客自行离开",,ALL,,
TV,6、多人优惠,部分航线 B-R（含小舱位）,2-3 人：*YDRYHA030/40,30,,,以 PAT:A#CDRYH 出来的价格为准,,ALL,,
DZ,1、商旅易行,所有航线  除包机,B-A  运价标识：CSL,80,0.5,KMG319/KMG279,"退票权益1.航班起飞前4小时（含）免费退票
2.运价基础（通过自动运价实现）：原始舱位+ CSL+直加价格80/140/280/340/420/560（例如：U舱以直加80的价格卖出，用UCSL80表示）",有效,ALL,,
DZ,"舒享经济舱（G 舱）
商旅易",所有航线,"P/K/Z/V/E/L/U/M/B 原始舱位+G+SL+
直加价格220/300/600",220,110,,"1.改签：航班起飞前 4 小时（含）免费改期一次
2.退票：航班起飞前4小时（含）免费退票",,ALL,,
DZ,行李直加专享,所有航线,订：S   联动：T、A,90,10,,,,ALL,,
CA,"加里惠退
（2025年）",所有航线,H/QN/W/S/L/P/K  运价标识：CA6Z243534,60,35,KMG319/CTU152/SZX146,200 KM非定级里程+48H外退票费率按照8折收取,有效,ALL,CA6Z243534,CA6Z243534
CA,免改惠享,所有航线,H/Q/V  CA6Z243531,150,50,,距航班起飞4H外，免改期费一次,,ALL,CA6Z243531,CA6Z243531
CA,免改惠享,所有航线,H/Q/V  CA6Z243531,200,60,,距航班起飞4H外，免改期费一次,,ALL,CA6Z243531,CA6Z243531
CA,旅享,所有航线,H/Q/V/W/S CA6Z243543,15,100,,10ka额外行李,,ALL,CA6Z243543,CA6Z243543
CA,大额里程,所有航线,H/Q/V/W/S/L/P/K CA6Z250017,600,170,,"2000 KM非定级里程+48H外退票费8折
+100元机票优惠券",,ALL,CA6Z250017,CA6Z250017
CA,"平淡季大额里程
至9月30日",所有航线,H/Q/V/W/S/L/P/K CA6Z251879,520,160,,1800 KM非定级里程+48H外退票费8折,,ALL,CA6Z251879,CA6Z251879
CA,2025年经济舱优选,产品一：CA0L243450,开放舱：KPL，定：W/S,0,50,,,,ALL,CA0L243450,CA0L243450
JR,1、幸福优享,所有线,订：N舱   B/H,30,,KMG319,运价标识：A23                                        1.价格为当日经济舱最低开放舱位基础上浮50元，但上浮后最高不得高于Y 舱全价价格。                                   2.旅客在航班规定离站时间48小时之前自愿变更的，可享受一次免收变更费,2022.3.26,ALL,,
JR,2、幸福航空 超值经济舱D舱,所有线,订D:浮动Y舱,15,,,"1.经济舱前四排，优先选座
2.免费行李25KG
产品代码：A03",有效,ALL,,
七彩通航,非民航机,部份短线,昆明=怒江兰坪县=陇川,0,,参考携程+价20%,"航司B2B网站预订，联系七彩开发票，无行程单。http://222.178.234.35:3520/gafms通航管理系统
出票账号：zo08
密码：ZO0820200302",,ALL,,
华夏通航,通程航班,部份短线,陇川：开通昆明、大理、普洱、文山、昭通等云南省内通程航班，同时连接起上海、重庆、西安、成都、长沙等多个城市,0,,,"网站：http://222.178.234.35:3520/gafms/账号:yntbly   
密码:YNTB20210222 行程单正常打印",,ALL,,
