产品名称,航线,订座舱位,上浮价格,政策返点,产品代码,票证类型,出票OFFICE,备注,产品有限期,航司结算方式,Unnamed: 11,Unnamed: 12,Unnamed: 13,Unnamed: 14,Unnamed: 15,Unnamed: 16,Unnamed: 17,Unnamed: 18,Unnamed: 19,Unnamed: 20,Unnamed: 21,Unnamed: 22,Unnamed: 23,Unnamed: 24,Unnamed: 25,Unnamed: 26,上浮/下浮价格,政策返点（后返+车辆后返+代理费),上浮价格/直减,结算方式
3U免改易行,全国航线,T/H/G/L/E/R/K/N,150,55+按段,*/0KJM1,GP/BSP,KMG319/KMG279/CTU152,起飞四小时外免首次改期,航班日期2026年3月29日-2026年10月24日,前返+定额,,,,,,,,,,,,,,,,,,,,
3U免改易行,全国航线,Q/M,150,45+按段,***/0KJM1,GP/BSP,KMG319/KMG279/CTU152,起飞四小时外免首次改期,航班日期2026年3月29日-2026年10月24日,前返+定额,,,,,,,,,,,,,,,,,,,,
3U免改易行,全国航线,T/H/G/L/E/R/K/N,250,95+按段,*/0KJM2,GP/BSP,KMG319/KMG279/CTU152,起飞四小时外免首次改期,航班日期2026年3月29日-2026年10月24日,前返+定额,,,,,,,,,,,,,,,,,,,,
3U免改易行,全国航线,Q/M,250,80+按段,***/0KJM2,GP/BSP,KMG319,起飞四小时外免首次改期,航班日期2026年3月29日-2026年10月24日,前返+定额,,,,,,,,,,,,,,,,,,,,
3U出行管家产品,昆明进出港,N/K/R/V/E/L/S/G/H,150,120+按段,*/6JAH2,GP/BSP,KMGG319,接送机产品    同邦,有效,后返+定额,,,,,,,,,,,,,,,,,,,,
3U出行管家产品,昆明进出港,N/K/R/V/E/L/S/G/H,280,240+按段,*/6JAH3,GP/BSP,KMGG319,同邦,有效,后返+定额,,,,,,,,,,,,,,,,,,,,
3U出行管家产品,昆明进出港,N/K/R/V/E/L/S/G,350,300+按段,*/6JAH4,GP/BSP,KMGG319,同邦 产品权益：代理人提供车接送，川航昆明长水机场贵宾休息室服务权益。,有效,后返+定额,,,,,,,,,,,,,,,,,,,,
3U出行管家产品,昆明进出港,N/K/R/V/E/L/S/G,500,400+按段,*/6JAH5,GP/BSP,KMGG319,同邦 产品权益：代理人提供车接送，川航昆明长水机场贵宾休息室服务,有效,后返+定额,,,,,,,,,,,,,,,,,,,,
3U礼遇加享(机+X),所有航线,T/H/G/L/E/R/ K/N,溢价部分,60%,*/0LJG1,GP/BSP,KMG319/KMG279/CTU152,（例如：订座E舱，运价标识为0LJG1。JG1为固定标识，05代表差价折扣率*E舱-K舱0.5个折扣。V舱代表外放最低舱位）运价标识：0LJG1,2025年10月26日-2026年3月28日（以实际发布为准）,后返+定额,,,,,,,,,,,,,,,,,,,,
3U礼遇加享（机+X） ,川航国内航线,T/H/G/L/E/R/K,最低开放舱位公布运价+指定比例,溢价部分50%,*/0LJG1,GP/BSP,KMG319,最低开放舱位公布运价+指定比例:川航专属客户经理服务+服务商提供自有服务权益,航班日期2026年3月29日-2026年10月24日,后返+定额,,,,,,,,,,,,,,,,,,,,
3U机+接送车,川航天府进出港国内航线,T/H/G/L/E/R/K/N,150,55,*/0CJJF,GP/BSP,KMG319,赠送300元天府行接送车券,航班日期2026年3月29日-2026年10月24日,,,,,,,,,,,,,,,,,,,,,
3U机+接送车,川航天府进出港国内航线,Q/M,150,45,***/0CJJF,GP/BSP,KMG319,赠送300元天府行接送车券,航班日期2026年3月29日-2026年10月24日,,,,,,,,,,,,,,,,,,,,,
3U机+优享选座,川航国内航线,W,T-N舱公布运价+100元,35,*/0DJXZ,GP/BSP,KMG319,航班起飞48小时之前优享选座,航班日期2026年3月29日-2026年10月24日,,,,,,,,,,,,,,,,,,,,,
3U机+优享选座,川航国内航线,W,"
Q/M舱市场净价+100元",30,***/0DJXZ,GP/BSP,KMG319,航班起飞48小时之前优享选座,航班日期2026年3月29日-2026年10月24日,,,,,,,,,,,,,,,,,,,,,
"3U机+选座+休息室组
合产品","川航双流、天府、重庆、北
京出港国内航线",W,T-N舱公布运价+150元,55,*/0DJEQ,GP/BSP,KMG319,"航班起飞48小时之前优享选座+赠送川航自营休息室通
用卡券一张（双流、天府、重庆、北京）",航班日期2026年3月29日-2026年10月24日,,,,,,,,,,,,,,,,,,,,,
"3U机+选座+休息室组
合产品","川航双流、天府、重庆、北
京出港国内航线",W,Q/M舱市场净价+150元,45,***/0DJEQ,GP/BSP,KMG319,"航班起飞48小时之前优享选座+赠送川航自营休息室通
用卡券一张（双流、天府、重庆、北京）",航班日期2026年3月29日-2026年10月24日,,,,,,,,,,,,,,,,,,,,,
"3U机+选座+休息室组
合产品","川航部分国内航线（第三方
休息室资源覆盖航点）",W,T-N舱公布运价+150元,55,*/0DJFQ,GP/BSP,KMG319,"航班起飞48小时之前优享选座+赠送第三方休息室通用
卡券一张",航班日期2026年3月29日-2026年10月24日,,,,,,,,,,,,,,,,,,,,,
"3U机+选座+休息室组
合产品","川航部分国内航线（第三方
休息室资源覆盖航点）",W,Q/M舱市场净价+150元,45,***/0DJFQ,GP/BSP,KMG319,"航班起飞48小时之前优享选座+赠送第三方休息室通用
卡券一张",航班日期2026年3月29日-2026年10月24日,,,,,,,,,,,,,,,,,,,,,
"3U机+选座+休息室+快
速安检组合产品","川航部分国内航线（休息室
、快速安检资源覆盖航点）",W,T-N舱公布运价+200元,75,*/0DJGQ,GP/BSP,KMG319,"航班起飞48小时之前优享选座+自营休息室卡券一张+快
速安检券一张",航班日期2026年3月29日-2026年10月24日,,,,,,,,,,,,,,,,,,,,,
"3U机+选座+休息室+快
速安检组合产品","川航部分国内航线（休息室
、快速安检资源覆盖航点）",W,Q/M舱市场净价+200元,60,***/0DJGQ,GP/BSP,KMG319,"航班起飞48小时之前优享选座+自营休息室卡券一张+快
速安检券一张",航班日期2026年3月29日-2026年10月24日,,,,,,,,,,,,,,,,,,,,,
"3U机+选座+休息室+快
速安检组合产品","川航部分国内航线（休息室
、快速安检资源覆盖航点）",W,T-N舱公布运价+200元,75,*/0DJHQ,GP/BSP,KMG319,"航班起飞48小时之前优享选座+第三方休息室卡券一张+
快速安检券一张",航班日期2026年3月29日-2026年10月24日,,,,,,,,,,,,,,,,,,,,,
"3U机+选座+休息室+快
速安检组合产品","川航部分国内航线（休息室
、快速安检资源覆盖航点）",W,Q/M舱市场净价+200元,60,***/0DJHQ,GP/BSP,KMG319,"航班起飞48小时之前优享选座+第三方休息室卡券一张+
快速安检券一张",航班日期2026年3月29日-2026年10月24日,,,,,,,,,,,,,,,,,,,,,
3U优惠退票,川航国内航线,T/H/G/L/E/R/K/N,200,75,*/0KJTP,GP/BSP,KMG319,"自愿退票时间在航班计划离站时间48小时（含）前，退
票费率按照航班计划离站时间168小时（含）前费率执行",航班日期2026年3月29日-2026年10月24日,,,,,,,,,,,,,,,,,,,,,
3U优惠退票,川航国内航线,Q/M,200,60,"
***/0KJTP",GP/BSP,KMG319,"自愿退票时间在航班计划离站时间48小时（含）前，退
票费率按照航班计划离站时间168小时（含）前费率执行",航班日期2026年3月29日-2026年10月24日,,,,,,,,,,,,,,,,,,,,,
3U里程加享,川航国内航线,T/H/G/L/E/R/K/N,50,15,*/0KJL1,GP/BSP,KMG319,赠送额外500里程,航班日期2026年3月29日-2026年10月24日,,,,,,,,,,,,,,,,,,,,,
3U里程加享,川航国内航线,Q/M,50,10,"
***/0KJL1",GP/BSP,KMG319,赠送额外500里程,航班日期2026年3月29日-2026年10月24日,,,,,,,,,,,,,,,,,,,,,
3U里程加享,川航国内航线,T/H/G/L/E/R/K/N,100,35,"*/0KJL2
",GP/BSP,KMG319,赠送额外1000里程,航班日期2026年3月29日-2026年10月24日,,,,,,,,,,,,,,,,,,,,,
3U里程加享,川航国内航线,Q/M,100,30,"
***/0KJL2",GP/BSP,KMG319,赠送额外1000里程,航班日期2026年3月29日-2026年10月24日,,,,,,,,,,,,,,,,,,,,,
3U里程加享,川航国内航线,T/H/G/L/E/R/K/N,150,55,*/0KJL3,GP/BSP,KMG319,赠送额外1500里程,航班日期2026年3月29日-2026年10月24日,,,,,,,,,,,,,,,,,,,,,
3U里程加享,川航国内航线,Q/M,150,45,***/0KJL3,GP/BSP,KMG319,赠送额外1500里程,航班日期2026年3月29日-2026年10月24日,,,,,,,,,,,,,,,,,,,,,
3U里程加享,川航国内航线,T/H/G/L/E/R/K/N,200,75,*/0KJL4,GP/BSP,KMG319,赠送额外2000里程,航班日期2026年3月29日-2026年10月24日,,,,,,,,,,,,,,,,,,,,,
3U里程加享,川航国内航线,Q/M,200,60,***/0KJL4,GP/BSP,KMG319,赠送额外2000里程,航班日期2026年3月29日-2026年10月24日,,,,,,,,,,,,,,,,,,,,,
3U里程加享,川航国内航线,I/J,400,160,*/0KJL5,GP/BSP,KMG319,赠送额外4000里程,航班日期2026年3月29日-2026年10月24日,,,,,,,,,,,,,,,,,,,,,
3U里程加享,川航国内航线,I/J,400,160,*/0KJL5,GP/BSP,KMG319,赠送额外4000里程,航班日期2026年3月29日-2026年10月24日,,,,,,,,,,,,,,,,,,,,,
3U里程加享,川航国内航线,T/H/G/L/E/R/K/N,400,140,***/0KJL5,GP/BSP,KMG319,赠送额外4000里程,航班日期2026年3月29日-2026年10月24日,,,,,,,,,,,,,,,,,,,,,
3U里程加享,川航国内航线,I/J,800,330,*/0KJL8,GP/BSP,KMG319,赠送额外8000里程,航班日期2026年3月29日-2026年10月24日,,,,,,,,,,,,,,,,,,,,,
3U里程加享,川航国内航线,T/H/G/L/E/R/K/N,800,330,*/0KJL8,GP/BSP,KMG319,赠送额外8000里程,航班日期2026年3月29日-2026年10月24日,,,,,,,,,,,,,,,,,,,,,
3U里程加享,川航国内航线,Q/M,800,300,***/0KJL8,GP/BSP,KMG319,赠送额外8000里程,航班日期2026年3月29日-2026年10月24日,,,,,,,,,,,,,,,,,,,,,
3U里程加享,川航国际地区航线,C/I/J/P/Y/T/W/H/M/G/S/L/Q/E/V/R/N,"单程+100元
往返+200元","单程40元
往返80元","*M01**
*M11**",GP/BSP,KMG319,"单程赠送额外1000里程
往返赠送额外1000里程",航班日期2026年3月29日-2026年10月24日,,,,,,,,,,,,,,,,,,,,,
3U里程加享,川航国际地区航线,C/I/J/P/Y/T/W/H/M/G/S/L/Q/E/V/R/N,"单程+200元
往返+400元","单程80元
往返160元","*M02**
*M12**",GP/BSP,KMG319,"单程赠送额外2000里程
往返赠送额外4000里程",航班日期2026年3月29日-2026年10月24日,,,,,,,,,,,,,,,,,,,,,
3U里程加享,川航国际地区航线,C/I/J/P/Y/T/W/H/M/G/S/L/Q/E/V/R/N,"单程+500元
往返+1000元","单程200元
往返400元","*M05**
*M15**",GP/BSP,KMG319,"单程赠送额外5000里程
往返赠送额外10000里程",航班日期2026年3月29日-2026年10月24日,,,,,,,,,,,,,,,,,,,,,
3U行李加享,川航国际地区航线,Y/T/W/H/M/G/S/L/Q/E/V/R/N/U/X/K/B,动态定价,/,***BE***,GP/BSP,KMG319,额外1件免费托运行李额,航班日期2026年3月29日-2026年10月24日,,,,,,,,,,,,,,,,,,,,,
3U航段加速/Q/M舱加价,所有航线,订：Q/M 舱  Q/M舱加价,50,20,YTD4NQF1,GP/BSP,KMG319/KMG279/CTU152,运价标识：YTD4NQF1 前返,有效,,,,,,,,,,,,,,,,,,,,,
3U航段加速/Q/M舱加价,所有航线,订：Q/M 舱  Q/M舱加价,100,40,YTD4NQF2,GP/BSP,KMG319/KMG279/CTU152,运价标识：YTD4NQF2 前返,有效,,,,,,,,,,,,,,,,,,,,,
3U航段加速/Q/M舱加价,所有航线,订：Q/M 舱  Q/M舱加价,200,120,YTD4KGJ3,GP/BSP,KMG319/KMG279/CTU152,运价标识：YTD4KGJ3（高舱高奖）,有效,,,,,,,,,,,,,,,,,,,,,
3U航段加速/Q/M舱加价,所有航线,订：Q/M 舱  Q/M舱加价,400,240,YTD4EGJ4,GP/BSP,KMG319/KMG279/CTU152,运价标识：YTD4EGJ4（高舱高奖）,有效,,,,,,,,,,,,,,,,,,,,,
3U川航大客户后返,"白名单是战狼队的非GP白名单，
请出到川航票的必须要带客户号，
后返结回来后会补给大家。（3折以上7%）
","大客户号：LFY001MAKM
（100%白名单）",（3折以上7%）,后返7%,LFY001MAKM,GP/BSP,KMG319,PAT A#CLFY001MAKM,有效,,,,,,,,,,,,,,,,,,,,,
3U往返程免改产品,往返订一起外放减优惠Y舱5%,N-Y舱 往返订一起,优惠Y5%,40/每段,WF1R+WF2R,GP/BSP,KMG319/KMG279/CTU152,"运价标识：WF1R+WF2R,2小时前免费改签",有效,,,,,,,,,,,,,,,,,,,,,
3U里程加享,所有航线,T-N舱公布运价+60元，LTMC+60+舱位代码,60,10,LTMC+60+舱位代码,GP/BSP,KMG319/KMG279/CTU152,赠送额外500里程,有效,,,,,,,,,,,,,,,,,,,,,
3U里程加享,所有航线,H-N舱公布运价+100元，LTMC+100+舱位代码,100,40,LTMC+100+舱位代码,GP/BSP,KMG319/KMG279/CTU152,赠送额外1000里程,有效,,,,,,,,,,,,,,,,,,,,,
3U里程加享,所有航线,H-N舱公布运价+150元，LTMC+150+舱位代码,150,60,LTMC+150+舱位代码,GP/BSP,KMG319/KMG279/CTU152,赠送额外1500里程,有效,,,,,,,,,,,,,,,,,,,,,
3U里程加享,所有航线,G-N舱公布运价+200元，LTMC+200+舱位代码,200,80,LTMC+200+舱位代码,GP/BSP,KMG319/KMG279/CTU152,赠送额外2000里程,有效,,,,,,,,,,,,,,,,,,,,,
3U机+接送车,所有航线,I/J  舱位代码+ZX,300,200,舱位代码+ZX,GP/BSP,KMG319/KMG279/CTU152,服务商提供接送机,有效,,,,,,,,,,,,,,,,,,,,,
3U机+优先选座,所有航线,W舱  YW5+舱位代码,T-N舱公布运价+5%Y舱公布运价,15,YW5+舱位代码,GP/BSP,KMG319/KMG279/CTU152,航班起飞48小时之前优先选座,有效,,,,,,,,,,,,,,,,,,,,,
3U机+休息室,川航部分航点始发 国内航线 机+休息室,W舱  YGB+TFU+舱位代码,200,50,YGB+TFU+舱位代码,GP/BSP,KMG319/KMG279/CTU152,川航天府出港国内航线,有效,,,,,,,,,,,,,,,,,,,,,
3U机+休息室,赠送重庆机场川航自营休息室一次,W舱 YGB+CKG+舱位代码,110,50,YGB+CKG+舱位代码,GP/BSP,KMG319/KMG279/CTU152,川航重庆出港国内航线,有效,,,,,,,,,,,,,,,,,,,,,
3U 礼遇加享(机+X),所有航线,T/H/G/L/E/R/ K/N  QF+40+舱位代码,40,20+按段,QF+40+舱位代码,GP/BSP,KMG319/KMG279/CTU152,服务商提供自有服务,有效,,,,,,,,,,,,,,,,,,,,,
3U 礼遇加享(机+X),所有航线,T/H/G/L/E/R/ K/N  QF+80+舱位代码,80,40+按段,QF+80+舱位代码,GP/BSP,KMG319/KMG279/CTU152,服务商提供自有服务,有效,,,,,,,,,,,,,,,,,,,,,
3U优惠退票,优惠退票,H/G/L/E/R/K/N,180,100+按段,YHTP+舱位代码,GP/BSP,KMG319/KMG279/CTU152,"自愿退票时间在航班计划离站时间72小时
（含）前，退票费率按照航班计划离站时间
168小时（含）前费率执行",有效,,,,,,,,,,,,,,,,,,,,,
,,,,,,,,,,,,,,,,,,,,,,,,,,,,,,
,,,,,,,,,,,,,,,,,,,,,,,,,,,,,,
,,,,,,,,,,,,,,,,,,,,,,,,,,,,,,
,,,,,,,,,,,,,,,,,,,,,,,,,,,,,,
,,,,,,,,,,,,,,,,,,,,,,,,,,,,,,
,,,,,,,,,,,,,,,,,,,,,,,,,,,,,,
,,,,,,,,,,,,,,,,,,,,,,,,,,,,,,
,,,,,,,,,,,,,,,,,,,,,,,,,,,,,,
,,,,,,,,,,,,,,,,,,,,,,,,,,,,,,
,,,,,,,,,,,,,,,,,,,,,,,,,,,,,,
,,,,,,,,,,,,,,,,,,,,,,,,,,,,,,
,,,,,,,,,,,,,,,,,,,,,,,,,,,,,,
,,,,,,,,,,,,,,,,,,,,,,,,,,,,,,
,,,,,,,,,,,,,,,,,,,,,,,,,,,,,,
,,,,,,,,,,,,,,,,,,,,,,,,,,,,,,
,,,,,,,,,,,,,,,,,,,,,,,,,,,,,,
,,,,,,,,,,,,,,,,,,,,,,,,,,,,,,
,,,,,,,,,,,,,,,,,,,,,,,,,,,,,,
,,,,,,,,,,,,,,,,,,,,,,,,,,,,,,
,,,,,,,,,,,,,,,,,,,,,,,,,,,,,,
,,,,,,,,,,,,,,,,,,,,,,,,,,,,,,
,,,,,,,,,,,,,,,,,,,,,,,,,,,,,,
,,,,,,,,,,,,,,,,,,,,,,,,,,,,,,
,,,,,,,,,,,,,,,,,,,,,,,,,,,,,,
,,,,,,,,,,,,,,,,,,,,,,,,,,,,,,
,,,,,,,,,,,,,,,,,,,,,,,,,,,,,,
,,,,,,,,,,,,,,,,,,,,,,,,,,,,,,
,,,,,,,,,,,,,,,,,,,,,,,,,,,,,,
,,,,,,,,,,,,,,,,,,,,,,,,,,,,,,
,,,,,,,,,,,,,,,,,,,,,,,,,,,,,,
,,,,,,,,,,,,,,,,,,,,,,,,,,,,,,
,,,,,,,,,,,,,,,,,,,,,,,,,,,,,,
,,,,,,,,,,,,,,,,,,,,,,,,,,,,,,
,,,,,,,,,,,,,,,,,,,,,,,,,,,,,,
,,,,,,,,,,,,,,,,,,,,,,,,,,,,,,
,,,,,,,,,,,,,,,,,,,,,,,,,,,,,,
,,,,,,,,,,,,,,,,,,,,,,,,,,,,,,
,,,,,,,,,,,,,,,,,,,,,,,,,,,,,,
,,,,,,,,,,,,,,,,,,,,,,,,,,,,,,
,,,,,,,,,,,,,,,,,,,,,,,,,,,,,,
,,,,,,,,,,,,,,,,,,,,,,,,,,,,,,
,,,,,,,,,,,,,,,,,,,,,,,,,,,,,,
,,,,,,,,,,,,,,,,,,,,,,,,,,,,,,
,,,,,,,,,,,,,,,,,,,,,,,,,,,,,,
,,,,,,,,,,,,,,,,,,,,,,,,,,,,,,
,,,,,,,,,,,,,,,,,,,,,,,,,,,,,,
,,,,,,,,,,,,,,,,,,,,,,,,,,,,,,
,,,,,,,,,,,,,,,,,,,,,,,,,,,,,,
,,,,,,,,,,,,,,,,,,,,,,,,,,,,,,
,,,,,,,,,,,,,,,,,,,,,,,,,,,,,,
,,,,,,,,,,,,,,,,,,,,,,,,,,,,,,
,,,,,,,,,,,,,,,,,,,,,,,,,,,,,,
,,,,,,,,,,,,,,,,,,,,,,,,,,,,,,
,,,,,,,,,,,,,,,,,,,,,,,,,,,,,,
,,,,,,,,,,,,,,,,,,,,,,,,,,,,,,
,,,,,,,,,,,,,,,,,,,,,,,,,,,,,,
,,,,,,,,,,,,,,,,,,,,,,,,,,,,,,
,,,,,,,,,,,,,,,,,,,,,,,,,,,,,,
,,,,,,,,,,,,,,,,,,,,,,,,,,,,,,
,,,,,,,,,,,,,,,,,,,,,,,,,,,,,,
,,,,,,,,,,,,,,,,,,,,,,,,,,,,,,
,,,,,,,,,,,,,,,,,,,,,,,,,,,,,,
,,,,,,,,,,,,,,,,,,,,,,,,,,,,,,
,,,,,,,,,,,,,,,,,,,,,,,,,,,,,,
,,,,,,,,,,,,,,,,,,,,,,,,,,,,,,
,,,,,,,,,,,,,,,,,,,,,,,,,,,,,,
,,,,,,,,,,,,,,,,,,,,,,,,,,,,,,
,,,,,,,,,,,,,,,,,,,,,,,,,,,,,,
,,,,,,,,,,,,,,,,,,,,,,,,,,,,,,
,,,,,,,,,,,,,,,,,,,,,,,,,,,,,,
,,,,,,,,,,,,,,,,,,,,,,,,,,,,,,
,,,,,,,,,,,,,,,,,,,,,,,,,,,,,,
,,,,,,,,,,,,,,,,,,,,,,,,,,,,,,
,,,,,,,,,,,,,,,,,,,,,,,,,,,,,,
,,,,,,,,,,,,,,,,,,,,,,,,,,,,,,
,,,,,,,,,,,,,,,,,,,,,,,,,,,,,,
,,,,,,,,,,,,,,,,,,,,,,,,,,,,,,
,,,,,,,,,,,,,,,,,,,,,,,,,,,,,,
,,,,,,,,,,,,,,,,,,,,,,,,,,,,,,
,,,,,,,,,,,,,,,,,,,,,,,,,,,,,,
,,,,,,,,,,,,,,,,,,,,,,,,,,,,,,
,,,,,,,,,,,,,,,,,,,,,,,,,,,,,,
,,,,,,,,,,,,,,,,,,,,,,,,,,,,,,
,,,,,,,,,,,,,,,,,,,,,,,,,,,,,,
,,,,,,,,,,,,,,,,,,,,,,,,,,,,,,
,,,,,,,,,,,,,,,,,,,,,,,,,,,,,,
,,,,,,,,,,,,,,,,,,,,,,,,,,,,,,
,,,,,,,,,,,,,,,,,,,,,,,,,,,,,,
,,,,,,,,,,,,,,,,,,,,,,,,,,,,,,
,,,,,,,,,,,,,,,,,,,,,,,,,,,,,,
,,,,,,,,,,,,,,,,,,,,,,,,,,,,,,
,,,,,,,,,,,,,,,,,,,,,,,,,,,,,,
,,,,,,,,,,,,,,,,,,,,,,,,,,,,,,
,,,,,,,,,,,,,,,,,,,,,,,,,,,,,,
,,,,,,,,,,,,,,,,,,,,,,,,,,,,,,
,,,,,,,,,,,,,,,,,,,,,,,,,,,,,,
,,,,,,,,,,,,,,,,,,,,,,,,,,,,,,
,,,,,,,,,,,,,,,,,,,,,,,,,,,,,,
,,,,,,,,,,,,,,,,,,,,,,,,,,,,,,
,,,,,,,,,,,,,,,,,,,,,,,,,,,,,,
,,,,,,,,,,,,,,,,,,,,,,,,,,,,,,
,,,,,,,,,,,,,,,,,,,,,,,,,,,,,,
,,,,,,,,,,,,,,,,,,,,,,,,,,,,,,
,,,,,,,,,,,,,,,,,,,,,,,,,,,,,,
,,,,,,,,,,,,,,,,,,,,,,,,,,,,,,
,,,,,,,,,,,,,,,,,,,,,,,,,,,,,,
,,,,,,,,,,,,,,,,,,,,,,,,,,,,,,
,,,,,,,,,,,,,,,,,,,,,,,,,,,,,,
,,,,,,,,,,,,,,,,,,,,,,,,,,,,,,
,,,,,,,,,,,,,,,,,,,,,,,,,,,,,,
,,,,,,,,,,,,,,,,,,,,,,,,,,,,,,
,,,,,,,,,,,,,,,,,,,,,,,,,,,,,,
,,,,,,,,,,,,,,,,,,,,,,,,,,,,,,
,,,,,,,,,,,,,,,,,,,,,,,,,,,,,,
,,,,,,,,,,,,,,,,,,,,,,,,,,,,,,
,,,,,,,,,,,,,,,,,,,,,,,,,,,,,,
,,,,,,,,,,,,,,,,,,,,,,,,,,,,,,
,,,,,,,,,,,,,,,,,,,,,,,,,,,,,,
,,,,,,,,,,,,,,,,,,,,,,,,,,,,,,
,,,,,,,,,,,,,,,,,,,,,,,,,,,,,,
,,,,,,,,,,,,,,,,,,,,,,,,,,,,,,
,,,,,,,,,,,,,,,,,,,,,,,,,,,,,,
,,,,,,,,,,,,,,,,,,,,,,,,,,,,,,
,,,,,,,,,,,,,,,,,,,,,,,,,,,,,,
,,,,,,,,,,,,,,,,,,,,,,,,,,,,,,
,,,,,,,,,,,,,,,,,,,,,,,,,,,,,,
,,,,,,,,,,,,,,,,,,,,,,,,,,,,,,
,,,,,,,,,,,,,,,,,,,,,,,,,,,,,,
,,,,,,,,,,,,,,,,,,,,,,,,,,,,,,
,,,,,,,,,,,,,,,,,,,,,,,,,,,,,,
,,,,,,,,,,,,,,,,,,,,,,,,,,,,,,
,,,,,,,,,,,,,,,,,,,,,,,,,,,,,,
,,,,,,,,,,,,,,,,,,,,,,,,,,,,,,
,,,,,,,,,,,,,,,,,,,,,,,,,,,,,,
,,,,,,,,,,,,,,,,,,,,,,,,,,,,,,
,,,,,,,,,,,,,,,,,,,,,,,,,,,,,,
,,,,,,,,,,,,,,,,,,,,,,,,,,,,,,
,,,,,,,,,,,,,,,,,,,,,,,,,,,,,,
,,,,,,,,,,,,,,,,,,,,,,,,,,,,,,
,,,,,,,,,,,,,,,,,,,,,,,,,,,,,,
,,,,,,,,,,,,,,,,,,,,,,,,,,,,,,
,,,,,,,,,,,,,,,,,,,,,,,,,,,,,,
,,,,,,,,,,,,,,,,,,,,,,,,,,,,,,
,,,,,,,,,,,,,,,,,,,,,,,,,,,,,,
,,,,,,,,,,,,,,,,,,,,,,,,,,,,,,
,,,,,,,,,,,,,,,,,,,,,,,,,,,,,,
,,,,,,,,,,,,,,,,,,,,,,,,,,,,,,
,,,,,,,,,,,,,,,,,,,,,,,,,,,,,,
,,,,,,,,,,,,,,,,,,,,,,,,,,,,,,
,,,,,,,,,,,,,,,,,,,,,,,,,,,,,,
,,,,,,,,,,,,,,,,,,,,,,,,,,,,,,
,,,,,,,,,,,,,,,,,,,,,,,,,,,,,,
,,,,,,,,,,,,,,,,,,,,,,,,,,,,,,
,,,,,,,,,,,,,,,,,,,,,,,,,,,,,,
1、机+积分溢价,所有航线,H/K/L/M/X/V/N/A/U/T(A1/U1/T1) 运价标识：CJD1/CJH1/CJK1/CJL1,,20,CJD1,,KMG319/KMG279,,"额外获得消费积分:400积分/800积分/1200积分/1600积分
CJA1   1000积分
CJB1    2000积分
CJC1    3000积分",,,,,,,,,,,,,,,,,,80,,,
1、机+积分溢价,所有航线,H/K/L/M/X/V/N/A/U/T(A1/U1/T1) 运价标识：CJD1/CJH1/CJK1/CJL1,,30,CJH1,,KMG319/KMG279,,"额外获得消费积分:400积分/800积分/1200积分/1600积分
CJA1   1000积分
CJB1    2000积分
CJC1    3000积分",,,,,,,,,,,,,,,,,,120,,,
1、机+积分溢价,所有航线,H/K/L/M/X/V/N/A/U/T(A1/U1/T1) 运价标识：CJD1/CJH1/CJK1/CJL1,,50,CJK1,,KMG319/KMG279,,"额外获得消费积分:400积分/800积分/1200积分/1600积分
CJA1   1000积分
CJB1    2000积分
CJC1    3000积分",,,,,,,,,,,,,,,,,,240,,,
1、机+积分溢价,所有航线,H/K/L/M/X/V/N/A/U/T(A1/U1/T1) 运价标识：CJD1/CJH1/CJK1/CJL1,,70,CJL1,,KMG319/KMG279,,"额外获得消费积分:400积分/800积分/1200积分/1600积分
CJA1   1000积分
CJB1    2000积分
CJC1    3000积分",,,,,,,,,,,,,,,,,,360,,,
2、超值经济W舱,所有航线,订W舱：运价代码 WXJA/WXJB/WGCA/WGCB/WGCC,,0,WXJB,,KMG319/KMG279,,"1.免费托运行李额20KG；
2.可免费携带一件7KG且体积不超过20cm*40cm*55cm的非托运行李；
3.客票变更手续费优惠（见自愿变更条款）；
4.积分标准为125%×K；
5.享受会员定级航段标准为1.5个。

地面服务：
1.经济舱前三排座位；
2.专属值机柜台（仅限西安机场N21-N23柜台）；
3.优先登机服务(以机场实际保障为准);
4.客舱姓氏尊称服务；
5.饮品一瓶；",,,,,,,,,,,,,,,,,,140,,,
2、超值经济W舱,所有航线,订W舱：运价代码 WXJA/WXJB/WGCA/WGCB/WGCC,,35,WXJA,,KMG319/KMG279,,"1.免费托运行李额20KG；
2.可免费携带一件7KG且体积不超过20cm*40cm*55cm的非托运行李；
3.客票变更手续费优惠（见自愿变更条款）；
4.积分标准为125%×K；
5.享受会员定级航段标准为1.5个。

地面服务：
1.经济舱前三排座位；
2.专属值机柜台（仅限西安机场N21-N23柜台）；
3.优先登机服务(以机场实际保障为准);
4.客舱姓氏尊称服务；
5.饮品一瓶；",,,,,,,,,,,,,,,,,,180,,,
2、超值经济W舱,所有航线,订W舱：运价代码 WXJA/WXJB/WGCA/WGCB/WGCC,,80,WGCA,,KMG319/KMG279,,"1.免费托运行李额20KG；
2.可免费携带一件7KG且体积不超过20cm*40cm*55cm的非托运行李；
3.客票变更手续费优惠（见自愿变更条款）；
4.积分标准为125%×K；
5.享受会员定级航段标准为1.5个。

地面服务：
1.经济舱前三排座位；
2.专属值机柜台（仅限西安机场N21-N23柜台）；
3.优先登机服务(以机场实际保障为准);
4.客舱姓氏尊称服务；
5.饮品一瓶；",,,,,,,,,,,,,,,,,,240,,,
2、超值经济W舱,所有航线,订W舱：运价代码 WXJA/WXJB/WGCA/WGCB/WGCC,,120,WGCB,,KMG319/KMG279,,"1.免费托运行李额20KG；
2.可免费携带一件7KG且体积不超过20cm*40cm*55cm的非托运行李；
3.客票变更手续费优惠（见自愿变更条款）；
4.积分标准为125%×K；
5.享受会员定级航段标准为1.5个。

地面服务：
1.经济舱前三排座位；
2.专属值机柜台（仅限西安机场N21-N23柜台）；
3.优先登机服务(以机场实际保障为准);
4.客舱姓氏尊称服务；
5.饮品一瓶；",,,,,,,,,,,,,,,,,,320,,,
2、超值经济W舱,所有航线,订W舱：运价代码 WXJA/WXJB/WGCA/WGCB/WGCC,,200,WGCC,,KMG319/KMG279,,"1.免费托运行李额20KG；
2.可免费携带一件7KG且体积不超过20cm*40cm*55cm的非托运行李；
3.客票变更手续费优惠（见自愿变更条款）；
4.积分标准为125%×K；
5.享受会员定级航段标准为1.5个。

地面服务：
1.经济舱前三排座位；
2.专属值机柜台（仅限西安机场N21-N23柜台）；
3.优先登机服务(以机场实际保障为准);
4.客舱姓氏尊称服务；
5.饮品一瓶；",,,,,,,,,,,,,,,,,,460,,,
3、常飞长安机票产品,指定航线,"H/K/L/M/X/V/N/A/U/T(A1/U1/T1)  
Y+CFC1或CFC2或CFC3或CFC4或CFC5或CFC6或CFC7或CFC8+上浮金额

H1-R1,D1/D2/D3/D4：Y+订座舱位+ CFC1或CFC2或CFC3或CFC4或CFC5或CFC6或CFC7或CFC8+上浮金额

BSP固定指令：PAT:A#CCFCA   B/C/D/E/F/G/H   不同挡位修改最后一个字母200-1100上浮

GP固定指令：PAT:A#CCFCA/CGP/CC   B/C/D/E/F/G/H   不同挡位修改最后一个字母200-1100上浮",,100元,CFCA,,KMG319/KMG279,,"1.H/K/L/M/X舱在原舱位基础上增加10KG行李额，免费托运行李额30KG；
2.V/N/A/U/T（A1/U1/T1）舱在原舱位基础上增加20KG行李额，免费托运行李额20KG。
3.可免费携带一件7KG且体积不超过20cm*40cm*30cm的手提行李；
4.根据订座舱位按长安航空现行多等级规定及不正常航班票务处理规定办理。
此高舱高返产品，代理人可自由打包地面服务",,,,,,,,,,,,,,,,,,200元,,,
3、常飞长安机票产品,指定航线,"H/K/L/M/X/V/N/A/U/T(A1/U1/T1)  
Y+CFC1或CFC2或CFC3或CFC4或CFC5或CFC6或CFC7或CFC8+上浮金额

H1-R1,D1/D2/D3/D4：Y+订座舱位+ CFC1或CFC2或CFC3或CFC4或CFC5或CFC6或CFC7或CFC8+上浮金额

BSP固定指令：PAT:A#CCFCA   B/C/D/E/F/G/H   不同挡位修改最后一个字母200-1100上浮

GP固定指令：PAT:A#CCFCA/CGP/CC   B/C/D/E/F/G/H   不同挡位修改最后一个字母200-1100上浮",,180元,CFCB,,KMG319/KMG279,,"1.H/K/L/M/X舱在原舱位基础上增加10KG行李额，免费托运行李额30KG；
2.V/N/A/U/T（A1/U1/T1）舱在原舱位基础上增加20KG行李额，免费托运行李额20KG。
3.可免费携带一件7KG且体积不超过20cm*40cm*30cm的手提行李；
4.根据订座舱位按长安航空现行多等级规定及不正常航班票务处理规定办理。
此高舱高返产品，代理人可自由打包地面服务",,,,,,,,,,,,,,,,,,300元,,,
3、常飞长安机票产品,指定航线,"H/K/L/M/X/V/N/A/U/T(A1/U1/T1)  
Y+CFC1或CFC2或CFC3或CFC4或CFC5或CFC6或CFC7或CFC8+上浮金额

H1-R1,D1/D2/D3/D4：Y+订座舱位+ CFC1或CFC2或CFC3或CFC4或CFC5或CFC6或CFC7或CFC8+上浮金额

BSP固定指令：PAT:A#CCFCA   B/C/D/E/F/G/H   不同挡位修改最后一个字母200-1100上浮

GP固定指令：PAT:A#CCFCA/CGP/CC   B/C/D/E/F/G/H   不同挡位修改最后一个字母200-1100上浮",,240元,CFCC/400,,KMG319/KMG279,,"1.H/K/L/M/X舱在原舱位基础上增加10KG行李额，免费托运行李额30KG；
2.V/N/A/U/T（A1/U1/T1）舱在原舱位基础上增加20KG行李额，免费托运行李额20KG。
3.可免费携带一件7KG且体积不超过20cm*40cm*30cm的手提行李；
4.根据订座舱位按长安航空现行多等级规定及不正常航班票务处理规定办理。
此高舱高返产品，代理人可自由打包地面服务",前返,,,,,,,,,,,,,,,,,400元,,,
3、常飞长安机票产品,指定航线,"H/K/L/M/X/V/N/A/U/T(A1/U1/T1)  
Y+CFC1或CFC2或CFC3或CFC4或CFC5或CFC6或CFC7或CFC8+上浮金额

H1-R1,D1/D2/D3/D4：Y+订座舱位+ CFC1或CFC2或CFC3或CFC4或CFC5或CFC6或CFC7或CFC8+上浮金额

BSP固定指令：PAT:A#CCFCA   B/C/D/E/F/G/H   不同挡位修改最后一个字母200-1100上浮

GP固定指令：PAT:A#CCFCA/CGP/CC   B/C/D/E/F/G/H   不同挡位修改最后一个字母200-1100上浮",,360元,CFCD/600,,KMG319/KMG279,,"1.H/K/L/M/X舱在原舱位基础上增加10KG行李额，免费托运行李额30KG；
2.V/N/A/U/T（A1/U1/T1）舱在原舱位基础上增加20KG行李额，免费托运行李额20KG。
3.可免费携带一件7KG且体积不超过20cm*40cm*30cm的手提行李；
4.根据订座舱位按长安航空现行多等级规定及不正常航班票务处理规定办理。
此高舱高返产品，代理人可自由打包地面服务",前返,,,,,,,,,,,,,,,,,600元,,,
3、常飞长安机票产品,指定航线,"H/K/L/M/X/V/N/A/U/T(A1/U1/T1)  
Y+CFC1或CFC2或CFC3或CFC4或CFC5或CFC6或CFC7或CFC8+上浮金额

H1-R1,D1/D2/D3/D4：Y+订座舱位+ CFC1或CFC2或CFC3或CFC4或CFC5或CFC6或CFC7或CFC8+上浮金额

BSP固定指令：PAT:A#CCFCA   B/C/D/E/F/G/H   不同挡位修改最后一个字母200-1100上浮

GP固定指令：PAT:A#CCFCA/CGP/CC   B/C/D/E/F/G/H   不同挡位修改最后一个字母200-1100上浮",,420元,CFCE/700,,KMG319/KMG279,,"1.H/K/L/M/X舱在原舱位基础上增加10KG行李额，免费托运行李额30KG；
2.V/N/A/U/T（A1/U1/T1）舱在原舱位基础上增加20KG行李额，免费托运行李额20KG。
3.可免费携带一件7KG且体积不超过20cm*40cm*30cm的手提行李；
4.根据订座舱位按长安航空现行多等级规定及不正常航班票务处理规定办理。
此高舱高返产品，代理人可自由打包地面服务",前返,,,,,,,,,,,,,,,,,700元,,,
3、常飞长安机票产品,指定航线,"H/K/L/M/X/V/N/A/U/T(A1/U1/T1)  
Y+CFC1或CFC2或CFC3或CFC4或CFC5或CFC6或CFC7或CFC8+上浮金额

H1-R1,D1/D2/D3/D4：Y+订座舱位+ CFC1或CFC2或CFC3或CFC4或CFC5或CFC6或CFC7或CFC8+上浮金额

BSP固定指令：PAT:A#CCFCA   B/C/D/E/F/G/H   不同挡位修改最后一个字母200-1100上浮

GP固定指令：PAT:A#CCFCA/CGP/CC   B/C/D/E/F/G/H   不同挡位修改最后一个字母200-1100上浮",,630元,CFCF/900,,KMG319/KMG279,,"1.H/K/L/M/X舱在原舱位基础上增加10KG行李额，免费托运行李额30KG；
2.V/N/A/U/T（A1/U1/T1）舱在原舱位基础上增加20KG行李额，免费托运行李额20KG。
3.可免费携带一件7KG且体积不超过20cm*40cm*30cm的手提行李；
4.根据订座舱位按长安航空现行多等级规定及不正常航班票务处理规定办理。
此高舱高返产品，代理人可自由打包地面服务",前返,,,,,,,,,,,,,,,,,900元,,,
3、常飞长安机票产品,指定航线,"H/K/L/M/X/V/N/A/U/T(A1/U1/T1)  
Y+CFC1或CFC2或CFC3或CFC4或CFC5或CFC6或CFC7或CFC8+上浮金额

H1-R1,D1/D2/D3/D4：Y+订座舱位+ CFC1或CFC2或CFC3或CFC4或CFC5或CFC6或CFC7或CFC8+上浮金额

BSP固定指令：PAT:A#CCFCA   B/C/D/E/F/G/H   不同挡位修改最后一个字母200-1100上浮

GP固定指令：PAT:A#CCFCA/CGP/CC   B/C/D/E/F/G/H   不同挡位修改最后一个字母200-1100上浮",,700元,CFCG/1000,,KMG319/KMG279,,"1.H/K/L/M/X舱在原舱位基础上增加10KG行李额，免费托运行李额30KG；
2.V/N/A/U/T（A1/U1/T1）舱在原舱位基础上增加20KG行李额，免费托运行李额20KG。
3.可免费携带一件7KG且体积不超过20cm*40cm*30cm的手提行李；
4.根据订座舱位按长安航空现行多等级规定及不正常航班票务处理规定办理。
此高舱高返产品，代理人可自由打包地面服务",前返,,,,,,,,,,,,,,,,,1000元,,,
3、常飞长安机票产品,指定航线,"H/K/L/M/X/V/N/A/U/T(A1/U1/T1)  
Y+CFC1或CFC2或CFC3或CFC4或CFC5或CFC6或CFC7或CFC8+上浮金额

H1-R1,D1/D2/D3/D4：Y+订座舱位+ CFC1或CFC2或CFC3或CFC4或CFC5或CFC6或CFC7或CFC8+上浮金额

BSP固定指令：PAT:A#CCFCA   B/C/D/E/F/G/H   不同挡位修改最后一个字母200-1100上浮

GP固定指令：PAT:A#CCFCA/CGP/CC   B/C/D/E/F/G/H   不同挡位修改最后一个字母200-1100上浮",,770元,CFCH/1100,,KMG319/KMG279,,"1.H/K/L/M/X舱在原舱位基础上增加10KG行李额，免费托运行李额30KG；
2.V/N/A/U/T（A1/U1/T1）舱在原舱位基础上增加20KG行李额，免费托运行李额20KG。
3.可免费携带一件7KG且体积不超过20cm*40cm*30cm的手提行李；
4.根据订座舱位按长安航空现行多等级规定及不正常航班票务处理规定办理。
此高舱高返产品，代理人可自由打包地面服务",前返,,,,,,,,,,,,,,,,,1100元,,,
4、特惠行李E舱,适用航线及产品代码：长安航空国内自营航线（包机、代码共享航班除外）,H/K/L/M/X/V/N/A/U/T(A1/U1/T1)(产品运价：SLCC）,,75+15,SLCC,,KMG319/KMG279,,3.溢价180元产品（增值类服务）适用航线：全航线；,,,,,,,,,,,,,,,,,,180,,,
5、特惠行李E舱,适用航线及产品代码：长安航空国内自营航线（包机、代码共享航班除外）,订E舱，运价标识：EFLA/EFLB/EFLC/EFLD/EGLA/EGLB H/K/L/M/X/V/N/A/U/T（含小舱位,,10,EFLA,,KMG319/KMG279,,"1.免费托运行李额20KG；
2.可免费携带一件7KG且体积不超过20cm*40cm*30cm的手提行李；
3.客票变更手续费优惠（见自愿变更条款）；
4.享受会员定级积分标准为75%×K；
5.享受会员定级航段标准为 1个。",,,,,,,,,,,,,,,,,,120,,,
5、特惠行李E舱,适用航线及产品代码：长安航空国内自营航线（包机、代码共享航班除外）,订E舱，运价标识：EFLA/EFLB/EFLC/EFLD/EGLA/EGLB H/K/L/M/X/V/N/A/U/T（含小舱位）,,10,EFLB,,KMG319/KMG279,,"1.免费托运行李额20KG；
2.可免费携带一件7KG且体积不超过20cm*40cm*30cm的手提行李；
3.客票变更手续费优惠（见自愿变更条款）；
4.享受会员定级积分标准为75%×K；
5.享受会员定级航段标准为 1个。",,,,,,,,,,,,,,,,,,150,,,
5、特惠行李E舱,适用航线及产品代码：长安航空国内自营航线（包机、代码共享航班除外）,订E舱，运价标识：EFLA/EFLB/EFLC/EFLD/EGLA/EGLB V/N/A/U/T（含小舱位）,,0,EFLC,,KMG319/KMG279,,"1.免费托运行李额20KG；
2.可免费携带一件7KG且体积不超过20cm*40cm*30cm的手提行李；
3.客票变更手续费优惠（见自愿变更条款）；
4.享受会员定级积分标准为75%×K；
5.享受会员定级航段标准为 1个。",,,,,,,,,,,,,,,,,,110,,,
6、特惠行李E舱,适用航线及产品代码：长安航空国内自营航线（包机、代码共享航班除外）,订E舱，运价标识：EFLA/EFLB/EFLC/EFLD/EGLA/EGLB V/N/A/U/T（含小舱位）,,0,EFLC,,KMG319/KMG279,,"1.免费托运行李额20KG；
2.可免费携带一件7KG且体积不超过20cm*40cm*30cm的手提行李；
3.客票变更手续费优惠（见自愿变更条款）；
4.享受会员定级积分标准为75%×K；
5.享受会员定级航段标准为 2个。",,,,,,,,,,,,,,,,,,140,,,
5、特惠行李E舱,适用航线及产品代码：长安航空国内自营航线（包机、代码共享航班除外）,订E舱，运价标识：EFLA/EFLB/EFLC/EFLD/EGLA/EGLB H/K/L/M/X（含小舱）,,0,EFLD,,KMG319/KMG279,,"1.免费托运行李额20KG；
2.可免费携带一件7KG且体积不超过20cm*40cm*30cm的手提行李；
3.客票变更手续费优惠（见自愿变更条款）；
4.享受会员定级积分标准为75%×K；
5.享受会员定级航段标准为 1个。",,,,,,,,,,,,,,,,,,110,,,
5、特惠行李E舱,适用航线及产品代码：长安航空国内自营航线（包机、代码共享航班除外）,订E舱，运价标识：EFLA/EFLB/EFLC/EFLD/EGLA/EGLB H/K/L/M/X（含小舱）,,0,EFLD,,KMG319/KMG279,,"1.免费托运行李额20KG；
2.可免费携带一件7KG且体积不超过20cm*40cm*30cm的手提行李；
3.客票变更手续费优惠（见自愿变更条款）；
4.享受会员定级积分标准为75%×K；
5.享受会员定级航段标准为 2个。",,,,,,,,,,,,,,,,,,140,,,
5、特惠行李E舱,适用航线及产品代码：长安航空国内自营航线（包机、代码共享航班除外）,订E舱，运价标识：EFLA/EFLB/EFLC/EFLD/EGLA/EGLB H/K/L/M/X/V/N/A/U/T（含小舱位）,,35,EGLA,,KMG319/KMG279,,"1.免费托运行李额20KG；
2.可免费携带一件7KG且体积不超过20cm*40cm*30cm的手提行李；
3.客票变更手续费优惠（见自愿变更条款）；
4.享受会员定级积分标准为75%×K；
5.享受会员定级航段标准为 1个。",,,,,,,,,,,,,,,,,,185,,,
5、特惠行李E舱,适用航线及产品代码：长安航空国内自营航线（包机、代码共享航班除外）,订E舱，运价标识：EFLA/EFLB/EFLC/EFLD/EGLA/EGLB H/K/L/M/X/V/N/A/U/T（含小舱位）,,55,EGLB,,KMG319/KMG279,,"1.免费托运行李额20KG；
2.可免费携带一件7KG且体积不超过20cm*40cm*30cm的手提行李；
3.客票变更手续费优惠（见自愿变更条款）；
4.享受会员定级积分标准为75%×K；
5.享受会员定级航段标准为 1个。",,,,,,,,,,,,,,,,,,215,,,
6、贵宾优享机票产品,长安航空国内西安出港自营航线（代码共享航班除外）,H/K/L/M/X/V/N/A/U/T(A1/U1/T1) 产品代码：GBYX,,90,GBYX,,KMG319/KMG279,,产品权益：1.专属值机柜台(仅限西安机场E69-E70柜台)；2.西安机场贵宾室服务。,,,,,,,,,,,,,,,,,,180,,,
7、长安航空退改惠享机票产品,所有航线,H/K/L/M/X；  V/N/A/U/T（A1/U1/T1）,,10,TGHA/TGHB,,KMG319/KMG279,,"1.起飞前48小时（含）外，首次改期享免费改期一次。（注：改期后客票不再享有起飞前48小时（含）外，免费改期一次的权益）
2.H/K/L/M/X/V/N/A/U/T（A1/U1/T1）舱免费托运行李额与订座舱位保持一致。
3.可免费携带一件7KG且体积不超过20cm*40cm*30cm的手提行李；
4.客票变更手续费优惠（见自愿变更条款）。",,,,,,,,,,,,,,,,,,75/115,,,
7、长安航空退改惠享机票产品,所有航线,H/K/L/M/X/V/N/A/U/T（含小舱位）,,25,TGHC,,KMG319/KMG279,,"1.起飞前48小时（含）外，首次改期享免费改期一次。（注：改期后客票不再享有起飞前48小时（含）外，免费改期一次的权益）
2.H/K/L/M/X/V/N/A/U/T（A1/U1/T1）舱免费托运行李额与订座舱位保持一致。
3.可免费携带一件7KG且体积不超过20cm*40cm*30cm的手提行李；
4.客票变更手续费优惠（见自愿变更条款）。",,,,,,,,,,,,,,,,,,145,,,
7、长安航空退改惠享机票产品,所有航线,H/K/L/M/X/V/N/A/U/T（含小舱位）,,45,TGHD,,KMG319/KMG279,,"1.起飞前48小时（含）外，首次改期享免费改期一次。（注：改期后客票不再享有起飞前48小时（含）外，免费改期一次的权益）
2.H/K/L/M/X/V/N/A/U/T（A1/U1/T1）舱免费托运行李额与订座舱位保持一致。
3.可免费携带一件7KG且体积不超过20cm*40cm*30cm的手提行李；
4.客票变更手续费优惠（见自愿变更条款）。",,,,,,,,,,,,,,,,,,175,,,
8、长安航空退改惠享机票产品,所有航线,H/K/L/M/X/V/N/A/U/T（含小舱位）,,10,TGHE,,KMG319/KMG279,,"1.起飞前48小时（含）外，首次改期享免费改期一次。（注：改期后客票不再享有起飞前48小时（含）外，免费改期一次的权益）。
2.H/K/L/M/X（含小舱）舱免费托运行李额20KG，V/N/A/U/T（A1/U1/T1）舱免费托运行李额10KG。
3.可免费携带一件7KG且体积不超过20cm*40cm*30cm的手提行李。
4.客票变更手续费优惠（见自愿变更条款）。",,,,,,,,,,,,,,,,,,55,,,
9、长安航空退改惠享机票产品,所有航线,H/K/L/M/X/V/N/A/U/T（含小舱位）,,15,TGHF,,KMG319/KMG279,,"1.起飞前48小时（含）外，首次改期享免费改期一次。（注：改期后客票不再享有起飞前48小时（含）外，免费改期一次的权益）。
2.H/K/L/M/X（含小舱）舱免费托运行李额20KG，V/N/A/U/T（A1/U1/T1）舱免费托运行李额10KG。
3.可免费携带一件7KG且体积不超过20cm*40cm*30cm的手提行李。
5.客票变更手续费优惠（见自愿变更条款）。",,,,,,,,,,,,,,,,,,115,,,
10、长安航空退改惠享机票产品,所有航线,H/K/L/M/X/V/N/A/U/T（含小舱位）,,25,TGHG,,KMG319/KMG279,,"1.起飞前48小时（含）外，首次改期享免费改期一次。（注：改期后客票不再享有起飞前48小时（含）外，免费改期一次的权益）。
2.H/K/L/M/X（含小舱）舱免费托运行李额20KG，V/N/A/U/T（A1/U1/T1）舱免费托运行李额10KG。
3.可免费携带一件7KG且体积不超过20cm*40cm*30cm的手提行李。
6.客票变更手续费优惠（见自愿变更条款）。",,,,,,,,,,,,,,,,,,145,,,
11、长安航空退改惠享机票产品,所有航线,H/K/L/M/X/V/N/A/U/T（含小舱位）,,45,TGHH,,KMG319/KMG279,,"1.起飞前48小时（含）外，首次改期享免费改期一次。（注：改期后客票不再享有起飞前48小时（含）外，免费改期一次的权益）。
2.H/K/L/M/X（含小舱）舱免费托运行李额20KG，V/N/A/U/T（A1/U1/T1）舱免费托运行李额10KG。
3.可免费携带一件7KG且体积不超过20cm*40cm*30cm的手提行李。
7.客票变更手续费优惠（见自愿变更条款）。",,,,,,,,,,,,,,,,,,175,,,
12、长安航空退改惠享机票产品,所有航线,H/K/L/M/X/V/N/A/U/T（含小舱位）,,10,TGHI,,KMG319/KMG279,,"1.起飞前48小时（含）外，首次改期享免费改期一次。（注：改期后客票不再享有起飞前48小时（含）外，免费改期一次的权益）。
2.H/K/L/M/X（含小舱）舱免费托运行李额20KG，V/N/A/U/T（A1/U1/T1）舱免费托运行李额20KG。
3.可免费携带一件7KG且体积不超过20cm*40cm*30cm的手提行李。
4.客票变更手续费优惠（见自愿变更条款）。",,,,,,,,,,,,,,,,,,55,,,
13、长安航空退改惠享机票产品,所有航线,H/K/L/M/X/V/N/A/U/T（含小舱位）,,20,TGHJ,,KMG319/KMG279,,"1.起飞前48小时（含）外，首次改期享免费改期一次。（注：改期后客票不再享有起飞前48小时（含）外，免费改期一次的权益）。
2.H/K/L/M/X（含小舱）舱免费托运行李额20KG，V/N/A/U/T（A1/U1/T1）舱免费托运行李额20KG。
3.可免费携带一件7KG且体积不超过20cm*40cm*30cm的手提行李。
5.客票变更手续费优惠（见自愿变更条款）。",,,,,,,,,,,,,,,,,,155,,,
14、长安航空退改惠享机票产品,所有航线,H/K/L/M/X/V/N/A/U/T（含小舱位）,,45,TGHK,,KMG319/KMG279,,"1.起飞前48小时（含）外，首次改期享免费改期一次。（注：改期后客票不再享有起飞前48小时（含）外，免费改期一次的权益）。
2.H/K/L/M/X（含小舱）舱免费托运行李额20KG，V/N/A/U/T（A1/U1/T1）舱免费托运行李额20KG。
3.可免费携带一件7KG且体积不超过20cm*40cm*30cm的手提行李。
6.客票变更手续费优惠（见自愿变更条款）。",,,,,,,,,,,,,,,,,,185,,,
15、长安航空退改惠享机票产品,所有航线,H/K/L/M/X/V/N/A/U/T（含小舱位）,,60,TGHL,,KMG319/KMG279,,"1.起飞前48小时（含）外，首次改期享免费改期一次。（注：改期后客票不再享有起飞前48小时（含）外，免费改期一次的权益）。
2.H/K/L/M/X（含小舱）舱免费托运行李额20KG，V/N/A/U/T（A1/U1/T1）舱免费托运行李额20KG。
3.可免费携带一件7KG且体积不超过20cm*40cm*30cm的手提行李。
7.客票变更手续费优惠（见自愿变更条款）。",,,,,,,,,,,,,,,,,,205,,,
8、长安航空乐享优返机票产品,所有航线,H/K/L/M/X/V;   N/A/U/T (A1/U1/T1),,12,LXL1/LXL3/30,,KMG319/KMG279,,根据订座舱位按长安航空现行多等级规定标准，须使用自动退票指令进行办理，若无法使用自动退票指令时，方可使用手工退票办理。具体操作方式以我司现行《长安航空国内航班TRI自动变更操作规定》的通知及多等级舱位管理规定为准。,前返,,,,,,,,,,,,,,,,,30,,,
8、长安航空乐享优返机票产品,所有航线,V/N/A/U/T;   (A1/U1/T1),,30,LXY1/LXY3/50,,KMG319/KMG279,,根据订座舱位按长安航空现行多等级规定标准，须使用自动退票指令进行办理，若无法使用自动退票指令时，方可使用手工退票办理。具体操作方式以我司现行《长安航空国内航班TRI自动变更操作规定》的通知及多等级舱位管理规定为准。,前返,,,,,,,,,,,,,,,,,50,,,
8、长安航空乐享优返机票产品,所有航线,H/K/L/M/X;  V/N/A/U/T (A1/U1/T1),,50,LXF1/LXF3/80,,KMG319/KMG279,,根据订座舱位按长安航空现行多等级规定标准，须使用自动退票指令进行办理，若无法使用自动退票指令时，方可使用手工退票办理。具体操作方式以我司现行《长安航空国内航班TRI自动变更操作规定》的通知及多等级舱位管理规定为准。,前返,,,,,,,,,,,,,,,,,80,,,
海天无限基础政策,不含特殊航线的国内自营航线,Y/H/K，，L/M/X，V/N，A/U/T,,,,,KMG319/KMG279,,"2026年3月29日至4月2日,4月8日至28日、5月8日至6月17日、6月23至30日",,,,,,,,,,,,,,,,,,适用下浮政策：Y舱100%，H/K舱94%，L/M/X舱93%，V/N舱92%，A/U/T舱91%,,,
海天无限基础政策,,Y/H/K，，L/M/X，V/N，A/U/T,,,,,KMG319/KMG279,,2026年4月3日至7日、6月18至22日,,,,,,,,,,,,,,,,,,Y舱100%，H/K舱100%，L/M/X舱95%，V/N舱93%，A/U/T舱92%,,,
海天无限基础政策,,Y/H/K，，L/M/X，V/N，A/U/T,,,,,KMG319/KMG279,,2026年4月29日至5月7日,,,,,,,,,,,,,,,,,,Y舱100%，H/K舱100%，L/M/X舱97%，V/N舱96%，A/U/T舱94%,,,
海天无限基础政策,特殊航线,A/U/T,,,,,KMG319/KMG279,,2026年3月29日-2026年4月28日、2026年5月8日-2026年6月10日,,,,,,,,,,,,,,,,,,A/U/T舱80%或85%,,,
海天无限基础政策,,A/U/T,,,,,KMG319/KMG279,,2026年3月18日-2026年6月30日,,,,,,,,,,,,,,,,,,珠海-西安、库尔勒-西安T舱100%,,,
海天无限特殊航线政策,"西安-巴中
巴中-西安
西安-南阳
南阳-西安
通辽-海拉尔
海拉尔-通辽",A/U/T,,,,,KMG319/KMG279,,2026/3/29-2026/4/28，2026/5/8-2026/06/10,,,,,,,,,,,,,,,,,,特殊航线 A/U/T 舱下浮 80%,,,
海天无限特殊航线政策,"宜昌-大连
大连-宜昌
长春-郑州
郑州-长春
凯里-海口
海口-凯里
西安-铜仁
铜仁-西安
井冈山-珠海
珠海-井冈山
西安-敦煌
西安-海拉尔
海拉尔-西安",A/U/T,,,,,KMG319/KMG279,,"2026/3/29-2026/4/28，2026/5/8-2026/06/10
2026/3/29-2026/4/28，2026/5/8-2026/06/10
3/29-4/2，4/5，4/8-4/28，5/8-6/10
3/29-3/30，4/1-4/5，4/7-4/28，5/8-6/10
2026/3/29-2026/4/28，2026/5/8-2026/06/10
2026/3/29-2026/4/28，2026/5/8-2026/06/10
2026/3/29-2026/4/28，2026/5/8-2026/06/10
2026/3/29-2026/4/28，2026/5/8-2026/06/10
2026/3/29-2026/4/28，2026/5/8-2026/06/10
2026/3/29-2026/4/28，2026/5/8-2026/06/10
2026/3/29-2026/4/28:2026/5/8-2026/06/10
2026/3/29-2026/4/28，2026/5/8-2026/06/10
2026/3/29-2026/4/28，2026/5/8-2026/06/10",,,,,,,,,,,,,,,,,,特殊航线 A/U/T 舱下浮 85%,,,
海天无限特殊航线政策,"西安-巴中
巴中-西安
西安-南阳
南阳-西安
通辽-海拉尔
海拉尔-通辽",A/U/T,,,,,KMG319/KMG279,,2026/3/29-2026/4/28，2026/5/8-2026/06/10,,,,,,,,,,,,,,,,,,特殊航线 A/U/T 舱下浮 81%,,,
海天无限特殊航线政策,"宜昌-大连
大连-宜昌
长春-郑州
郑州-长春
凯里-海口
海口-凯里
西安-铜仁
铜仁-西安
井冈山-珠海
珠海-井冈山
西安-敦煌
西安-海拉尔
海拉尔-西安",A/U/T,,,,,KMG319/KMG279,,"2026/3/29-2026/4/28，2026/5/8-2026/06/10
2026/3/29-2026/4/28，2026/5/8-2026/06/10
3/29-4/2，4/5，4/8-4/28，5/8-6/10
3/29-3/30，4/1-4/5，4/7-4/28，5/8-6/10
2026/3/29-2026/4/28，2026/5/8-2026/06/10
2026/3/29-2026/4/28，2026/5/8-2026/06/10
2026/3/29-2026/4/28，2026/5/8-2026/06/10
2026/3/29-2026/4/28，2026/5/8-2026/06/10
2026/3/29-2026/4/28.2026/5/8-2026/06/10
2026/3/29-2026/4/28.2026/5/8-2026/06/10
2026/3/29-2026/4/28，2026/5/8-2026/06/10
2026/3/29-2026/4/28，2026/5/8-2026/06/10
2026/3/29-2026/4/28，2026/5/8-2026/06/10",,,,,,,,,,,,,,,,,,特殊航线 A/U/T 舱下浮 86%,,,
海天无限特殊航线政策,"珠海-西安
库尔勒-西安",T,,,,,KMG319/KMG279,,2026/3/18-6/30,,,,,,,,,,,,,,,,,,特殊航线T舱下浮 100%,,,
异航联程基础政策,不含特殊航线的国内自营航线,Y/H/K，，L/M/X，V/N，A/U/T,,,,,KMG319/KMG279,,"2026年3月29日至4月2日,4月8日至28日、5月8日至6月17日、6月23至30日",,,,,,,,,,,,,,,,,,Y舱100%，H/K舱95%，L/M/X舱94%，V/N舱93%，A/U/T舱92%,,,
异航联程基础政策,不含特殊航线的国内自营航线,Y/H/K，，L/M/X，V/N，A/U/T,,,,,KMG319/KMG279,,4月3日至7日、6月18至22日,,,,,,,,,,,,,,,,,,Y舱100%，H/K舱100%，L/M/X舱96%，V/N舱94%，A/U/T舱93%,,,
异航联程基础政策,不含特殊航线的国内自营航线,Y/H/K，，L/M/X，V/N，A/U/T,,,,,KMG319/KMG279,,2026年4月29日至5月7日,,,,,,,,,,,,,,,,,,Y舱100%，H/K舱100%，L/M/X舱98%，V/N舱97%，A/U/T舱95%,,,
异航联程基础政策,特殊航线,A/U/T,,,,,KMG319/KMG279,,2026年3月29日-2026年4月28日，2026年5月8日-2026年6月10日,,,,,,,,,,,,,,,,,,A/U/T舱81%或86%,,,
异航联程基础政策,特殊航线,T,,,,,KMG319/KMG279,,2026年3月18日-2026年6月30日,,,,,,,,,,,,,,,,,,珠海-西安、库尔勒-西安T舱100%,,,
悦享经济舱,"XIY-SYX
SYX-XIY
CSX-HRB
HRB-CSX",H/K/L/M/X/V/N/A/U/T（含小舱位）,,50元/航段,WXJA,,KMG319/KMG279,"1.免费托运行李额20KG；
2.可免费携带一件7KG且体积不超过20cm*40cm*55cm的非托运行李；
3.客票变更手续费优惠（见自愿变更条款）；
4.积分标准为125%×K；
5.享受会员定级航段标准为1.5个。1.经济舱前三排座位；
2.专属值机柜台（仅限西安机场N21-N23柜台）；
3.优先登机服务(以机场实际保障为准);
4.西安机场贵宾室服务；
5.客舱姓氏尊称服务；
6.饮品",,,,,,,,,,,,,,,,,,,270元,,,
悦享经济舱,"XIY-SYX
SYX-XIY
CSX-HRB
HRB-CSX",H/K/L/M/X/V/N/A/U/T（含小舱位）,,0元/航段,WXJB,,KMG319/KMG279,"1.免费托运行李额20KG；
2.可免费携带一件7KG且体积不超过20cm*40cm*55cm的非托运行李；
3.客票变更手续费优惠（见自愿变更条款）；
4.积分标准为125%×K；
5.享受会员定级航段标准为1.5个。1.经济舱前三排座位；
2.专属值机柜台（仅限西安机场N21-N23柜台）；
3.优先登机服务(以机场实际保障为准);
4.西安机场贵宾室服务；
5.客舱姓氏尊称服务；
7.饮品",,,,,,,,,,,,,,,,,,,220元,,,
悦享经济舱,"XIY-SYX
SYX-XIY
CSX-HRB
HRB-CSX",H/K/L/M/X/V/N/A/U/T（含小舱位）,,110元/航段,WGCA,,KMG319/KMG279,"1.免费托运行李额20KG；
2.可免费携带一件7KG且体积不超过20cm*40cm*55cm的非托运行李；
3.客票变更手续费优惠（见自愿变更条款）；
4.积分标准为125%×K；
5.享受会员定级航段标准为1.5个。1.经济舱前三排座位；
2.专属值机柜台（仅限西安机场N21-N23柜台）；
3.优先登机服务(以机场实际保障为准);
4.西安机场贵宾室服务；
5.客舱姓氏尊称服务；
8.饮品",,,,,,,,,,,,,,,,,,,330元,,,
悦享经济舱,"XIY-SYX
SYX-XIY
CSX-HRB
HRB-CSX",H/K/L/M/X/V/N/A/U/T（含小舱位）,,150元/航段,WGCB,,KMG319/KMG279,"1.免费托运行李额20KG；
2.可免费携带一件7KG且体积不超过20cm*40cm*55cm的非托运行李；
3.客票变更手续费优惠（见自愿变更条款）；
4.积分标准为125%×K；
5.享受会员定级航段标准为1.5个。1.经济舱前三排座位；
2.专属值机柜台（仅限西安机场N21-N23柜台）；
3.优先登机服务(以机场实际保障为准);
4.西安机场贵宾室服务；
5.客舱姓氏尊称服务；
9.饮品",,,,,,,,,,,,,,,,,,,410元,,,
悦享经济舱,"XIY-SYX
SYX-XIY
CSX-HRB
HRB-CSX",H/K/L/M/X/V/N/A/U/T（含小舱位）,,240元/航段,WGCC,,KMG319/KMG279,"1.免费托运行李额20KG；
2.可免费携带一件7KG且体积不超过20cm*40cm*55cm的非托运行李；
3.客票变更手续费优惠（见自愿变更条款）；
4.积分标准为125%×K；
5.享受会员定级航段标准为1.5个。1.经济舱前三排座位；
2.专属值机柜台（仅限西安机场N21-N23柜台）；
3.优先登机服务(以机场实际保障为准);
4.西安机场贵宾室服务；
5.客舱姓氏尊称服务；
10.饮品",,,,,,,,,,,,,,,,,,,550元,,,
舒享经济舱（R舱）,"XIY-SYX
SYX-XIY
CSX-HRB
HRB-CSX",H/K/L/M/X/V/N/A/U/T（含小舱位）,,35元/航段,RXJA,,KMG319/KMG279,"1.免费托运行李额20KG；
2.可免费携带一件7KG且体积不超过20cm*40cm*55cm的非托运行李；
3.客票变更手续费优惠（见自愿变更条款）；
4.积分标准为125%×K；
5.享受会员定级航段标准为1.5个。                                                     客舱、地面服务1.经济舱前三排座位；
2.专属值机柜台（仅限西安机场N21-N23柜台）；
3.优先登机服务(以机场实际保障为准);
4.客舱姓氏尊称服务；
5.饮品一瓶；
6.小吃一份。",,,,,,,,,,,,,,,,,,,180元,,,
舒享经济舱（R舱）,"XIY-SYX
SYX-XIY
CSX-HRB
HRB-CSX",H/K/L/M/X/V/N/A/U/T（含小舱位）,,0元/航段,RXJB,,KMG319/KMG279,"1.免费托运行李额20KG；
2.可免费携带一件7KG且体积不超过20cm*40cm*55cm的非托运行李；
3.客票变更手续费优惠（见自愿变更条款）；
4.积分标准为125%×K；
5.享受会员定级航段标准为1.5个。                                                     客舱、地面服务1.经济舱前三排座位；
2.专属值机柜台（仅限西安机场N21-N23柜台）；
3.优先登机服务(以机场实际保障为准);
4.客舱姓氏尊称服务；
5.饮品一瓶；
7.小吃一份。",,,,,,,,,,,,,,,,,,,145元,,,
舒享经济舱（R舱）,"XIY-SYX
SYX-XIY
CSX-HRB
HRB-CSX",H/K/L/M/X/V/N/A/U/T（含小舱位）,,80元/航段,RGCA,,KMG319/KMG279,"1.免费托运行李额20KG；
2.可免费携带一件7KG且体积不超过20cm*40cm*55cm的非托运行李；
3.客票变更手续费优惠（见自愿变更条款）；
4.积分标准为125%×K；
5.享受会员定级航段标准为1.5个。                                                     客舱、地面服务1.经济舱前三排座位；
2.专属值机柜台（仅限西安机场N21-N23柜台）；
3.优先登机服务(以机场实际保障为准);
4.客舱姓氏尊称服务；
5.饮品一瓶；
8.小吃一份。",,,,,,,,,,,,,,,,,,,240元,,,
舒享经济舱（R舱）,"XIY-SYX
SYX-XIY
CSX-HRB
HRB-CSX",H/K/L/M/X/V/N/A/U/T（含小舱位）,,120元/航段,RGCB,,KMG319/KMG279,"1.免费托运行李额20KG；
2.可免费携带一件7KG且体积不超过20cm*40cm*55cm的非托运行李；
3.客票变更手续费优惠（见自愿变更条款）；
4.积分标准为125%×K；
5.享受会员定级航段标准为1.5个。                                                     客舱、地面服务1.经济舱前三排座位；
2.专属值机柜台（仅限西安机场N21-N23柜台）；
3.优先登机服务(以机场实际保障为准);
4.客舱姓氏尊称服务；
5.饮品一瓶；
9.小吃一份。",,,,,,,,,,,,,,,,,,,320元,,,
舒享经济舱（R舱）,"XIY-SYX
SYX-XIY
CSX-HRB
HRB-CSX",H/K/L/M/X/V/N/A/U/T（含小舱位）,,200元/航段,RGCC,,KMG319/KMG279,"1.免费托运行李额20KG；
2.可免费携带一件7KG且体积不超过20cm*40cm*55cm的非托运行李；
3.客票变更手续费优惠（见自愿变更条款）；
4.积分标准为125%×K；
5.享受会员定级航段标准为1.5个。                                                     客舱、地面服务1.经济舱前三排座位；
2.专属值机柜台（仅限西安机场N21-N23柜台）；
3.优先登机服务(以机场实际保障为准);
4.客舱姓氏尊称服务；
5.饮品一瓶；
10.小吃一份。",,,,,,,,,,,,,,,,,,,460元,,,
商旅出行,西安、贵阳进出港航线,H/K/L/M/X/V/N/A/U/T(A1/U1/T1),,165,SLCX,,KMG319/KMG279,"1.溢价260元产品（品质型接送机服务、20KG行李）适用航线：西安、贵阳进出港航线；  
2.溢价200元产品（优享型接送机服务）适用航线：西安、贵阳进出港航线；  
3.溢价180元产品（增值类服务）适用航线：全航线；",,,,,,,,,,,,,,,,,,,260,,,
商旅出行,西安、贵阳进出港航线,H/K/L/M/X/V/N/A/U/T(A1/U1/T2),,130,SLCB,,KMG319/KMG279,"1.溢价260元产品（品质型接送机服务、20KG行李）适用航线：西安、贵阳进出港航线；  
2.溢价200元产品（优享型接送机服务）适用航线：西安、贵阳进出港航线；  
3.溢价181元产品（增值类服务）适用航线：全航线；",,,,,,,,,,,,,,,,,,,200,,,
商旅出行,西安、贵阳进出港航线,H/K/L/M/X/V/N/A/U/T(A1/U1/T3),,90,SLCC,,KMG319/KMG279,"1.溢价260元产品（品质型接送机服务、20KG行李）适用航线：西安、贵阳进出港航线；  
2.溢价200元产品（优享型接送机服务）适用航线：西安、贵阳进出港航线；  
3.溢价182元产品（增值类服务）适用航线：全航线；",,,,,,,,,,,,,,,,,,,180,,,
贵宾优享,,H/K/L/M/X/V/N/A/U/T(A1/U1/T1),,90,GBYX,,KMG319/KMG279,1.专属值机柜台(仅限西安T3航站楼N21-N22柜台) 2.西安机场长安航空贵宾室服务V36,,,,,,,,,,,,,,,,,,,180,,,
1、S舱高返产品,所有航线,S舱，YGF01/*,80,50.0,YGF01,,KMG319/KMG279,航班起飞 48 小时《含) 前免变更手续费一次,有效,,,,,,,,,,,,,,,,,,,,,
1、S舱高返产品,所有航线,S舱，CGF02/*,150,100.0,CGF02,,KMG319/KMG279,航班起飞 24 小时(含) 前免变更手续费一次(30KG 行李额),有效,,,,,,,,,,,,,,,,,,,,,
1、S舱高返产品,所有航线,S舱，CGF03/*,280,180.0,CGF03,,KMG319/KMG279,航班起飞4 小时《含) 前免变更手续费一次 (30KG 行李额),有效,,,,,,,,,,,,,,,,,,,,,
1、S舱高返产品,所有航线,S舱，CGF03/*,280,180.0,CGF03,,KMG319/KMG279,航班起飞4 小时《含) 前免变更手续费一次 (30KG 行李额),有效,,,,,,,,,,,,,,,,,,,,,
1、S舱高返产品,所有航线,S舱，CGF03/*,280,180.0,CGF03,,KMG319/KMG279,航班起飞4 小时《含) 前免变更手续费一次 (30KG 行李额),有效,,,,,,,,,,,,,,,,,,,,,
1、S舱高返产品,所有航线,S舱，CGF03/*,280,180.0,CGF03,,KMG319/KMG279,航班起飞4 小时《含) 前免变更手续费一次 (30KG 行李额),有效,,,,,,,,,,,,,,,,,,,,,
2、S舱高返产品,所有航线,S舱，CGF03/*,280,180.0,CGF03,,KMG319/KMG279,航班起飞4 小时《含) 前免变更手续费一次 (30KG 行李额),有效,,,,,,,,,,,,,,,,,,,,,
奥凯甄选,所有航线,不固定舱位，随外放开舱上浮,20,15.0,*/G1,,,运价获取指令：PAT:A,长期有效,,,,,,,,,,,,,,,,,,,,,
,,,80,50.0,*/G2,,,,,,,,,,,,,,,,,,,,,,,,,
,,,160,100.0,*/G3,,,,,,,,,,,,,,,,,,,,,,,,,
,,,260,180.0,*/G4,,,,,,,,,,,,,,,,,,,,,,,,,
,,,380,260.0,*/G5,,,,长期有效,,,,,,,,,,,,,,,,,,,,,
高端经济舱,所有航线,W 舱，运价获取指令：PAT:A,100,,CZ2/*,,,800(含)公里以下,,,,,,,,,,,,,,,,,,,,,,
,,,150,,CZ3/*,,,801 公里至 1500 公里(含),,,,,,,,,,,,,,,,,,,,,,
,,,200,,CZ4/*,,,"1501 公里至 3000 公里
(含)",,,,,,,,,,,,,,,,,,,,,,
,,,260,,CZ5/*,,,3001 公里及以上,,,,,,,,,,,,,,,,,,,,,,
行李无忧,所有航线,P 舱、基础舱位：B/K/M/L/N/Q/E,150,15.0,CX1/*,,,免费行李额度30KG,长期有效,,,,,,,,,,,,,,,,,,,,,
,,P 舱、基础舱位：U/T,180,18.0,CX2/*,,,,,,,,,,,,,,,,,,,,,,,,,
,,D/O/Z/J/X/H,150,15.0,YX1/*,,,免费行李额度20KG,,,,,,,,,,,,,,,,,,,,,,
,,,240,24.0,CX3/*,,,免费行李额度30KG,,,,,,,,,,,,,,,,,,,,,,
双程优享,所有航线,Y/B/K/M/L/N/Q,直减,20.0,*/SC1,,,,适用航班日期：2026 年4 月29 日至2026 年12 月31日,,,,,,,,,,,,,,,,,,,,,
双程优享,所有航线,E/U/T,直减,20.0,*/SC2,,,,适用航班日期：2026 年4 月29 日至2026 年12 月31日,,,,,,,,,,,,,,,,,,,,,
双程优享,所有航线,D/O/Z/J/H/X,直减,10.0,*/SC3,,,,适用航班日期：2026 年4 月29 日至2026 年12 月31日,,,,,,,,,,,,,,,,,,,,,
,,,,,,,,,,,,,,,,,,,,,,,,,,,,,,
CZ优享飞,云南进出港,P/B/M/H/K/U/A/L/Q/E/V/Z/I/D/C,150.0,,*YXKMGJT,GP/BSP/B2B,KMG319/KMG279,"40调整为：35元PAT:A@01ZYXHAAMD,02EYXKAAMD，南航对应OFFICE号B2B2下单，发送车辆群效验",2026.12.31,前返预定代理+后返,,,,,,,,,,,,,,,,,,35+60+按段,,
CZ优享飞,云南进出港,P/B/M/H/K/U/A/L/Q/E/V/Z/I/D/C,260.0,,*YXKMGJL,GP/BSP/B2B,KMG319/KMG279,南航对应OFFICE号B2B2下单，发送车辆群效验,2026.12.31,前返预定代理+后返,,,,,,,,,,,,,,,,,,20+170+按段,,
CZ优享飞,云南进出港,P/B/M/H/K/U/A/L/Q/E/V/Z/I/D/C,420.0,,*YXKMGJD,GP/BSP/B2B,KMG319/KMG279,南航对应OFFICE号B2B2下单，发送车辆群效验,2026.12.31,前返预定代理+后返,,,,,,,,,,,,,,,,,,40+275+按段,,
CZ优享飞,云南进出港,P/B/M/H/K/U/A/L/Q/E/V/Z/I/D/C,580.0,,*YXKMGDL,GP/BSP/B2B,KMG319/KMG279,南航对应OFFICE号B2B2下单，发送车辆群效验,2026.12.31,前返预定代理+后返,,,,,,,,,,,,,,,,,,50+420+按段,,
CZ优享飞,云南进出港,P/B/M/H/K/U/A/L/Q/E/V/Z/I/D/C,800.0,,*YXKMGHP,GP/BSP/B2B,KMG319/KMG279,南航对应OFFICE号B2B2下单，发送车辆群效验,2026.12.31,前返预定代理+后返,,,,,,,,,,,,,,,,,,55+545+按段,,
CZ优享飞,成都进出港,P/B/M/H/K/U/A/L/Q/E/V/Z/I/D/C,350.0,,*YXKMGJH,,KMG319,南航对应OFFICE号B2B2下单，发送车辆群效验,2026.12.31,前返预定代理+后返,,,,,,,,,,,,,,,,,,25+215+按段,,
CZ优享飞,贵阳进出港（东海岸代码）,P/B/M/H/K/U/A/L/Q/E/V/Z/I/D/C,260.0,,*YXKMGJY,GP/BSP/B2B,KMG319/KMG279,"（备注：南航贵阳进出港东海岸后返160元,验证码发送微信东海岸产品验证码统计群）",2026.12.31,前返预定代理+后返（东海岸）,,,,,,,,,,,,,,,,,,160+10+按段,,
CZ优享飞,全国进出港（东海岸代码）,P/B/M/H/K/U/A/L/Q/E/V/Z/I/D/C,180.0,,*YXKMGXA,GP/BSP/B2B,KMG319/KMG279,"（备注：全国进出港东海岸后返98元,验证码发送微信东海岸产品验证码统计群）",2026.12.31,前返预定代理+后返（东海岸）,,,,,,,,,,,,,,,,,,17+98+按段,,
CZ优享飞,全国进出港（东海岸代码）,P/B/M/H/K/U/A/L/Q/E/V/Z/I/D/C,280.0,,*YXKMGXC,GP/BSP/B2B,KMG319/KMG279,"（备注：全国进出港东海岸后返168元,验证码发送微信东海岸产品验证码统计群）",2026.12.31,前返预定代理+后返（东海岸）,,,,,,,,,,,,,,,,,,27+168+按段,,
CZ里程加享、航班日期自4.1起,全国航线：100里程旅行套餐,P/B/M/H/K/U/A/L/Q/E/V/Z/T,30.0,,*YXLABMD,GP/BSP/B2B,KMG319/KMG279/CTU152/SZX146,100里程,2026.4.1-2026.12.31,定额+后返,,,,,,,,,,,,,,,,,,7,,
CZ里程加享、航班日期自4.1起,全国航线：300里程旅行套餐,P/B/M/H/K/U/A/L/Q/E/V/Z/T,70.0,,*YXEAAMD,GP/BSP/B2B,KMG319/KMG279/CTU152/SZX146,300里程,2026.4.1-2026.12.31,定额+后返,,,,,,,,,,,,,,,,,,17,,
CZ里程加享、航班日期自4.1起,全国航线：500里程旅行套餐,P/B/M/H/K/U/A/L/Q/E/V/Z/T,100.0,,*YXLAAMD,GP/BSP/B2B,KMG319/KMG279/CTU152/SZX146,500里程,2026.4.1-2026.12.31,定额+后返,,,,,,,,,,,,,,,,,,25,,
CZ里程加享、航班日期自4.1起,全国航线：800里程旅行套餐,P/B/M/H/K/U/A/L/Q/E/V/Z/T,120.0,,*YXLACMD,GP/BSP/B2B,KMG319/KMG279/CTU152/SZX146,800里程,2026.4.1-2026.12.31,定额+后返,,,,,,,,,,,,,,,,,,30,,
CZ里程加享、航班日期自4.1起,全国航线：1000里程旅行套餐,P/B/M/H/K/U/A/L/Q/E/V/Z/T,200.0,,*YXKAAMD,GP/BSP/B2B,KMG319/KMG279/CTU152/SZX146,1000里程,2026.4.1-2026.12.31,定额+后返,,,,,,,,,,,,,,,,,,50,,
CZ里程加享、航班日期自4.1起,全国航线：1500里程旅行套餐,P/B/M/H/K/U/A/L/Q/E/V/Z/T,300.0,,*YXHAAMD,GP/BSP/B2B,KMG319/KMG279/CTU152/SZX146,1500里程,2026.4.1-2026.12.31,定额+后返,,,,,,,,,,,,,,,,,,75,,
CZ里程加享、航班日期自4.1起,全国航线：2000里程旅行套餐,C/D/I/M/H/K/U/A/L/Q/E/V/Z/T,400.0,,*YXMAAMD,GP/BSP/B2B,KMG319/KMG279/CTU152/SZX146,2000里程,2026.4.1-2026.12.31,定额+后返,,,,,,,,,,,,,,,,,,100,,
CZ里程加享、航班日期自4.1起,明珠舱800里程旅行套餐,S,,,"S1??A25 S2??A25 S3??A25 S1??A20 S2??A20 S3??A20 S1??A17 S2??A17 S3??A17 S1??A15 S2??A15 S3??A15
S1??A13 S2??A13 S3??A13",GP/BSP/B2B,KMG319/KMG279/CTU152/SZX146,800里程,2026.4.1-2026.12.31,定额+后返,,,,,,,,,,,,,,,,,,30,,
CZ里程加享、航班日期自4.1起,明珠舱2000里程旅行套餐,S,,,"S1??A45 S1??A40
S1??A35 S1??A30 
S1??A26 S2??A45
S2??A40 S2??A35
S2??A30 S2??A26 
S3??A45 S3??A40
S3??A35 S3??A30 
S3??A26",GP/BSP/B2B,KMG319/KMG279/CTU152/SZX146,2000里程,2026.4.1-2026.12.31,定额+后返,,,,,,,,,,,,,,,,,,100,,
CZ里程加享、航班日期自4.1起,全国航线：3000里程旅行套餐,C/D/I/H/K/U/A/L/Q/E/V/Z/T,600.0,,*YXMACMD,GP/BSP/B2B,KMG319/KMG279/CTU152/SZX146,3000里程,2026.4.1-2026.12.31,定额+后返,,,,,,,,,,,,,,,,,,150,,
CZ里程加享、航班日期自4.1起,全国航线：4000里程旅行套餐,C/D/I/H/K/U/A/L/Q/E/V/Z/T,800.0,,*YXMADMD,GP/BSP/B2B,KMG319/KMG279/CTU152/SZX146,4000里程,2026.4.1-2026.12.31,定额+后返,,,,,,,,,,,,,,,,,,200,,
CZ里程加享、航班日期自4.1起,全国航线：5000里程旅行套餐,C/D/I/H/K/U/A/L/Q/E/V/Z/T,1000.0,,*YXMAEMD,GP/BSP/B2B,KMG319/KMG279/CTU152/SZX146,5000里程,2026.4.1-2026.12.31,定额+后返,,,,,,,,,,,,,,,,,,250,,
CZ权益包加享、航班日期自4.1起,全国航线：优先选择前排座位权益,P/B/M/H/K/U/A/L/Q/E/V/Z/T,60.0,,*YXKAAOA,GP/BSP/B2B,KMG319/KMG279/CTU152/SZX146,优先选择前排座位权益,2026.4.1-2026.12.31,定额+后返,,,,,,,,,,,,,,,,,,15,,
CZ权益包加享、航班日期自4.1起,全国航线：300里程，额外赠前排座位权益,P/B/M/H/K/U/A/L/Q/E/V/Z/T,130.0,,*YXKABMS,GP/BSP/B2B,KMG319/KMG279/CTU152/SZX146,300里程，额外赠前排座位权益,2026.4.1-2026.12.31,定额+后返,,,,,,,,,,,,,,,,,,32,,
CZ权益包加享、航班日期自4.1起,全国航线：1200里程，额外赠前排座位权益,P/B/M/H/K/U/A/L/Q/E/V/Z/T,300.0,,*YXKAAMS,GP/BSP/B2B,KMG319/KMG279/CTU152/SZX146,1200里程，额外赠前排座位权益,2026.4.1-2026.12.31,定额+后返,,,,,,,,,,,,,,,,,,75,,
CZ权益包加享、航班日期自4.1起,全国航线：3000里程，额外赠前排座位权益,P/B/M/H/K/U/A/L/Q/E/V/Z/T,660.0,,*YXKACMS,GP/BSP/B2B,KMG319/KMG279/CTU152/SZX146,3000里程，额外赠前排座位权益,2026.4.1-2026.12.31,定额+后返,,,,,,,,,,,,,,,,,,165,,
CZ权益包加享、航班日期自4.1起,"广州、沈阳、北京、大连、南宁、贵阳、海口、郑州、哈尔滨、武汉、长沙、长春、汕头、上海虹桥、上海浦东、深圳、乌鲁木齐、重庆、珠海、昆明、三亚、桂林、温州、合肥、宁波、厦门、福州、银川、西宁、呼和浩特、兰州、北京大兴、杭州、济南、南京、连云港、盐城、徐州、扬州、泰州、阿勒泰、阿克苏、喀什、和田、克拉玛依、库尔勒、伊宁始发国内航线及天津-和田航线。后续新增航线以实际查询结果为准。新增27个场站：常州、太原、青岛、济宁、临沂、菏泽、洛阳、包头、鄂尔多斯、通辽、惠州、临汾、忻州、长治、运城、大同、西安、汉中、延安、安康、榆林、陇南、荆州、襄阳、恩施、十堰、宜昌；义乌、成都天府、塔城、石河子。

",P/B/M/H/K/U/A/L/Q/E/V/Z/T,300.0,,*YXKAABD,GP/BSP/B2B,KMG319/KMG279/CTU152/SZX146,行李旅行套餐。10KG额外行李额度,2026.4.1-2026.12.31,定额+后返,,,,,,,,,,,,,,,,,,75,,
CZ权益包加享、航班日期自4.1起,"广州、沈阳、北京、大连、南宁、贵阳、海口、郑州、哈尔滨、武汉、长沙、长春、汕头、上海虹桥、上海浦东、深圳、乌鲁木齐、重庆、珠海、昆明、三亚、桂林、温州、合肥、宁波、厦门、福州、银川、西宁、呼和浩特、兰州、北京大兴、杭州、济南、南京、连云港、盐城、徐州、扬州、泰州、阿勒泰、阿克苏、喀什、和田、克拉玛依、库尔勒、伊宁始发国内航线及天津-和田航线。后续新增航线以实际查询结果为准。新增27个场站：常州、太原、青岛、济宁、临沂、菏泽、洛阳、包头、鄂尔多斯、通辽、惠州、临汾、忻州、长治、运城、大同、西安、汉中、延安、安康、榆林、陇南、荆州、襄阳、恩施、十堰、宜昌；义乌、成都天府、塔城、石河子。

",P/B/M/H/K/U/A/L/Q/E/V/Z/T,380.0,,*YXKAAMA,GP/BSP/B2B,KMG319/KMG279/CTU152/SZX146,里程行李旅行套餐。500里程+10KG额外行李额,2026.4.1-2026.12.31,定额+后返,,,,,,,,,,,,,,,,,,95,,
CZ权益包加享、航班日期自4.1起,"北京大兴、广州、杭州、深圳、上海浦东、上海虹桥、乌鲁木齐
",P/B/M/H/K/U/A/L/Q/E/V/Z/T,260.0,,*YXKAALA,GP/BSP/B2B,KMG319/KMG279/CTU152/SZX146,休息室旅行套餐.赠航班当日始发机场指定南航国内休息室服务一次（限广州、北京、杭州、深圳、上海浦东、上海虹桥、乌鲁木齐）,2026.4.1-2026.12.31,定额+后返,,,,,,,,,,,,,,,,,,65,,
CZ权益包加享、航班日期自4.1起,武汉、哈尔滨、长春、长沙、重庆、汕头（揭阳）、大连、珠海、沈阳、贵阳、南宁、郑州、昆明、南阳、三亚、南京、西安18个机场。,P/B/M/H/K/U/A/L/Q/E/V/Z/T,160.0,,*YXKABLA,GP/BSP/B2B,KMG319/KMG279/CTU152/SZX146,休息室旅行套餐。赠航班当日始发机场指定南航国内休息室服务一次（除广州、北京、杭州、深圳、上海浦东、上海虹桥、乌鲁木齐外）,2026.4.1-2026.12.31,定额+后返,,,,,,,,,,,,,,,,,,40,,
CZ权益包加享、航班日期自4.1起,以实际发布为准,P/B/M/H/K/U,320.0,,*YXHAAUC,GP/BSP/B2B,KMG319/KMG279/CTU152/SZX146,300里程+明珠舱升舱。额外获赠300里程和明珠经济舱升舱权益,2026.4.1-2026.12.31,定额+后返,,,,,,,,,,,,,,,,,,80,,
CZ退改加享、航班日期自4.1起,全国航线：变更旅行套餐,P/B/M/H/K/U/A/L/Q/E/V/Z/T,150.0,,*YXKAAGD,GP/BSP/B2B,KMG319/KMG279/CTU152/SZX146,在航班预计离站时间前4小时（含）前自愿变更，免收自愿变更费,2026.01.01-2026.12.31,定额+后返,,,,,,,,,,,,,,,,,,37,,
CZ退改加享、航班日期自4.1起,全国航线：退改无忧,P/B/M/H/K/U/A/L/Q/E/V/Z/T,160.0,,*YXKAARG,GP/BSP/B2B,KMG319/KMG279/CTU152/SZX146,"1.客票有效期内，24小时（含）前免费退票手续费1次，加价金额不退；24小时后按正常退改规则计算手续费。
2.客票有效期内，4小时前免变更手续费；4小时后按正常退改规则计算手续费。
3.300万元航空意外身故及伤残保障，保险期间为客票当次航班。",2026.01.01-2026.12.31,定额+后返,,,,,,,,,,,,,,,,,,40,,
CZ退改加享、航班日期自4.1起,全国航线：金牌退改,C/D/I/P/B/M/H/K/U/A/L/Q/E/V/Z/T,600.0,,*YXKADRG,GP/BSP/B2B,KMG319/KMG279/CTU152/SZX146,"1.航班起飞前4小时以外变更，免收变更手续费，正常收取票价差；4小时以内变更，按客票使用规则收取变更手续费。
2.航班起飞前24小时以外退票，免收退票手续费；24小时以内退票，按客票使用规则收取退票手续费。
3.客票成行后赠3000里程。",2026.01.01-2026.12.31,定额+后返,,,,,,,,,,,,,,,,,,150,,
CZ保险加享、航班日期自4.1起,全国航线：航意航延综合保障,P/B/M/H/K/U/A/L/Q/E/V/Z/T,70.0,,*YXKAAID,GP/BSP/B2B,KMG319/KMG279/CTU152/SZX146,航意700万，医疗15万；航延2小时起赔，最高赔600,2026.4.1-2026.12.31,定额+后返,,,,,,,,,,,,,,,,,,17,,
CZ保险加享、航班日期自4.1起,全国航线：3天境内旅行保障,P/B/M/H/K/U/A/L/Q/E/V/Z/T,30.0,,*YXKAAIF,GP/BSP/B2B,KMG319/KMG279/CTU152/SZX146,保3天的旅行意外伤害、高风险运动、医疗救援、银行卡盗抢等,2026.4.1-2026.12.31,定额+后返,,,,,,,,,,,,,,,,,,7,,
CZ保险加享、航班日期自4.1起,全国航线：航意保障,P/B/M/H/K/U/A/L/Q/E/V/Z/T,30.0,,*YXKAAIB,GP/BSP/B2B,KMG319/KMG279/CTU152/SZX146,航意650万、医疗15万。,2026.4.1-2026.12.31,定额+后返,,,,,,,,,,,,,,,,,,7,,
CZ团队加享、航班日期自4.1起,全国航线：团队权益包加享,G,,,G*******TA,B2B,,10KG额外行李额度,2026.4.1-2026.12.31,定额+后返,,,,,,,,,,,,,,,,,,75,,
CZ团队加享、航班日期自4.1起,全国航线：团队里程加享,G,,,G******TT*,B2B,,1元里程(5里程),2026.4.1-2026.12.31,定额+后返,,,,,,,,,,,,,,,,,,0.25,,
CZ团队加享、航班日期自4.1起,全国航线：团队里程加享,G,,,G*******TC,B2B,,300里程,2026.4.1-2026.12.31,定额+后返,,,,,,,,,,,,,,,,,,17.5,,
CZ团队加享、航班日期自4.1起,全国航线：团队里程加享,G,,,G*******TD,B2B,,500里程,2026.4.1-2026.12.31,定额+后返,,,,,,,,,,,,,,,,,,25,,
CZ团队加享、航班日期自4.1起,全国航线：团队里程加享,G,,,G*******TE,B2B,,1000里程,2026.4.1-2026.12.31,定额+后返,,,,,,,,,,,,,,,,,,50,,
CZ团队加享、航班日期自4.1起,全国航线：团队里程加享,G,,,G*******TF,B2B,,1500里程,2026.4.1-2026.12.31,定额+后返,,,,,,,,,,,,,,,,,,75,,
CZ团队加享、航班日期自4.1起,全国航线：团队里程加享,G,,,G*******TG,B2B,,2000里程,2026.4.1-2026.12.31,定额+后返,,,,,,,,,,,,,,,,,,100,,
CZ团队加享、航班日期自4.1起,全国航线：国内航意航延综合保障,G,,,G*******BB,B2B,,航意400-700万、医疗5-15万、航延2小时起赔最高赔600、返航或备降赔300。,2026.4.1-2026.12.31,定额+后返,,,,,,,,,,,,,,,,,,2026/10/17,,
CZ团队加享、航班日期自4.1起,全国航线：7天交通意外保障,G,,,G*******BC,B2B,,航意300-1000万、医疗5-10万、火车/轮船意外100-150万、汽车意外20-50万。,2026.4.1-2026.12.31,定额+后返,,,,,,,,,,,,,,,,,,2026/7/15,,
CZ团队加享、航班日期自4.1起,全国航线：国内行李保障,G,,,G*******BD,B2B,,托运行李损失/丢失0.5-5万、行李延误1000元、航意50万。,2026.4.1-2026.12.31,定额+后返,,,,,,,,,,,,,,,,,,2026/6/25,,
CZ团队加享、航班日期自4.1起,全国航线：境内旅行综合保障,G,,,G*******BE,B2B,,航意200万、高风险运动40万、医疗6万、第三者责任5万等。,2026.4.1-2026.12.31,定额+后返,,,,,,,,,,,,,,,,,,2026/12/25,,
CZ团队加享、航班日期自4.1起,全国航线：团队升舱加享,G,,,G******U*,B2B,,享受明珠经济舱升舱权益,2026.4.1-2026.12.31,定额+后返,,,,,,,,,,,,,,,,,,20-400,,
CZ-GP加享、航班日期自4.1起,全国航线：100里程旅行套餐,W/C/Y/P/B/M/H/K/U/A/L/Q/E/V/Z/T,30.0,,*YDLAAMA,GP/BSP,KMG319/KMG279/CTU152/SZX146,100里程,2026.4.1-2026.12.31,定额+后返,,,,,,,,,,,,,,,,,,7,,
CZ-GP加享、航班日期自4.1起,全国航线：500里程旅行套餐,W/C/Y/P/B/M/H/K/U/A/L/Q/E/V/Z/T,100.0,,*YDLAAMG,GP/BSP,KMG319/KMG279/CTU152/SZX146,500里程,2026.4.1-2026.12.31,定额+后返,,,,,,,,,,,,,,,,,,25,,
CZ-GP加享、航班日期自4.1起,全国航线：800里程旅行套餐,W/C/Y/P/B/M/H/K/U/A/L/Q/E/V/Z/T,120.0,,*YDLACMD,GP/BSP,KMG319/KMG279/CTU152/SZX146,800里程,2026.4.1-2026.12.31,定额+后返,,,,,,,,,,,,,,,,,,30,,
CZ-GP加享、航班日期自4.1起,全国航线：1000里程旅行套餐,W/C/Y/P/B/M/H/K/U/A/L/Q/E/V/Z/T,200.0,,*YDLAAMC,GP/BSP,KMG319/KMG279/CTU152/SZX146,1000里程,2026.4.1-2026.12.31,定额+后返,,,,,,,,,,,,,,,,,,50,,
CZ-GP加享、航班日期自4.1起,全国航线：1500里程旅行套餐,W/C/Y/P/B/M/H/K/U/A/L/Q/E/V/Z/T,300.0,,*YDLAAMH,GP/BSP,KMG319/KMG279/CTU152/SZX146,1500里程,2026.4.1-2026.12.31,定额+后返,,,,,,,,,,,,,,,,,,75,,
CZ-GP加享、航班日期自4.1起,全国航线：2000里程旅行套餐,W/C/Y/P/B/M/H/K/U/A/L/Q/E/V/Z/T,400.0,,*YDLAAMD,GP/BSP,KMG319/KMG279/CTU152/SZX146,2000里程,2026.4.1-2026.12.31,定额+后返,,,,,,,,,,,,,,,,,,100,,
CZ-GP加享、航班日期自4.1起,全国航线：300里程+选座权益包,W/C/Y/P/B/M/H/K/U/A/L/Q/E/V/Z/T,130.0,,*YDLAAMS,GP/BSP,KMG319/KMG279/CTU152/SZX146,300里程，优先选择前排座位权益,2026.4.1-2026.12.31,定额+后返,,,,,,,,,,,,,,,,,,32,,
CZ-GP加享、航班日期自4.1起,全国航线：300里程+明珠舱升舱,Y/P/B/M/H/K/U,320.0,,*YDLAAUC,GP/BSP,KMG319/KMG279/CTU152/SZX146,额外获赠300里程和明珠经济舱升舱权益,2026.4.1-2026.12.31,定额+后返,,,,,,,,,,,,,,,,,,80,,
CZ-GP加享、航班日期自4.1起,全国航线：退改无忧,Y/P/B/M/H/K/U/A/L/Q/E/V/Z/T,160.0,,*YDLAARG,GP/BSP,KMG319/KMG279/CTU152/SZX146,"1.客票有效期内，24小时（含）前免费退票手续费1次，加价金额不退；24小时后按正常退改规则计算手续费。
2.客票有效期内，4小时前免变更手续费；4小时后按正常退改规则计算手续费。
3.赠送300万元航空意外身故及伤残保障，保险期间为客票当次航班。",2026.4.1-2026.12.31,定额+后返,,,,,,,,,,,,,,,,,,40,,
CZ-DK加享、航班日期自4.1起,全国航线：100里程旅行套餐,P/B/M/H/K/U/A/L/Q/E/V/Z/T,,,*YDHABMA,GP/BSP/B2B,KMG319/KMG279/CTU152/SZX146,100里程,2026.4.1-2026.12.31,定额+后返,,,,,,,,,,,,,,,,,,7,,
CZ-DK加享、航班日期自4.1起,全国航线：300里程旅行套餐,P/B/M/H/K/U/A/L/Q/E/V/Z/T,,,*YDHABMB,GP/BSP/B2B,KMG319/KMG279/CTU152/SZX146,300里程,2026.4.1-2026.12.31,定额+后返,,,,,,,,,,,,,,,,,,17,,
CZ-DK加享、航班日期自4.1起,全国航线：500里程旅行套餐,P/B/M/H/K/U/A/L/Q/E/V/Z/T,,,*YDHABMD,GP/BSP/B2B,KMG319/KMG279/CTU152/SZX146,500里程,2026.4.1-2026.12.31,定额+后返,,,,,,,,,,,,,,,,,,25,,
CZ-DK加享、航班日期自4.1起,全国航线：1000里程旅行套餐,P/B/M/H/K/U/A/L/Q/E/V/Z/T,,,*YDHABME,GP/BSP/B2B,KMG319/KMG279/CTU152/SZX146,1000里程,2026.4.1-2026.12.31,定额+后返,,,,,,,,,,,,,,,,,,50,,
CZ-DK加享、航班日期自4.1起,全国航线：1500里程旅行套餐,P/B/M/H/K/U/A/L/Q/E/V/Z/T,,,*YDHABMF,GP/BSP/B2B,KMG319/KMG279/CTU152/SZX146,1500里程,2026.4.1-2026.12.31,定额+后返,,,,,,,,,,,,,,,,,,75,,
CZ-DK加享、航班日期自4.1起,全国航线：2000里程旅行套餐,C/P/B/M/H/K/U/A/L/Q/E/V/Z/T,,,*YDHABMC,GP/BSP/B2B,KMG319/KMG279/CTU152/SZX146,2000里程,2026.4.1-2026.12.31,定额+后返,,,,,,,,,,,,,,,,,,100,,
CZ-DK加享、航班日期自4.1起,全国航线：300里程+选座权益包,P/B/M/H/K/U/A/L/Q/E/V/Z/T,,,*YDKAAMS,GP/BSP/B2B,KMG319/KMG279/CTU152/SZX146,300里程，优先选择前排座位权益,2026.4.1-2026.12.31,定额+后返,,,,,,,,,,,,,,,,,,32,,
CZ-DK加享、航班日期自4.1起,全国航线：变更旅行套餐,P/B/M/H/K/U/A/L/Q/E/V/Z/T,,,*YDKABGA,GP/BSP/B2B,KMG319/KMG279/CTU152/SZX146,在航班预计离站时间前4小时（含）前自愿变更，免收自愿变更费,2026.4.1-2026.12.31,定额+后返,,,,,,,,,,,,,,,,,,37,,
CZ里程/积分加享,明珠舱300里程加享,P/B/M/H/K/U,320.0,,*YXHAAUC,GP/BSP,KMG319/KMG279/CTU152/SZX146,BSP B2B,有效,定额+后返,,,,,,,,,,,,,,,,,,128,,
CZ退改加享,金牌退改,C/D/I/P/B/M/H/K/U/A/L/Q,400.0,,*YXKABRG,GP/BSP/B2B,KMG319/KMG279/CTU152/SZX146,"1.航班起飞前4小时以外变更，免收变更手续费，正常收取票价差；4小时以内变更，按客票使用规则收取变更手续费。
2.航班起飞前24小时以外退票，免收退票手续费；24小时以内退票，按客票使用规则收取退票手续费。",有效,定额+后返,,,,,,,,,,,,,,,,,,,,
CZ退改加享,金牌退改,C/D/I/P/B/M/H/K/U/A/L/Q,200.0,,*YXKACRG,GP/BSP/B2B,KMG319/KMG279/CTU152/SZX146,"1.航班起飞前4小时以外变更，免收变更手续费，正常收取票价差；4小时以内变更，按客票使用规则收取变更手续费。
2.航班起飞前24小时以外退票，免收退票手续费；24小时以内退票，按客票使用规则收取退票手续费。
3.客票成行后赠3000里程。",有效,定额+后返,,,,,,,,,,,,,,,,,,80,,
CZ退改加享,退票优惠,P/B/M/H/K/U/A/L/Q,160.0,,*YXKAARD,GP/BSP/B2B,KMG319/KMG279/CTU152/SZX146,航班预计离站时间前72小时（含）前，仅收取“退票优惠”产品加价部分作为优惠定额退票费。,有效,定额+后返,,,,,,,,,,,,,,,,,,65,,
CZ指定航线里程旅行套餐,100里程,B/M/H/U/A/L/E/V/Z/T/N,100.0,,,GP/BSP/B2B,KMG319/KMG279/CTU152/SZX146,全渠道,有效,定额+后返,,,,,,,,,,,,,,,,,,40,,
CZ指定航线里程旅行套餐,500里程,B/M/H/U/A/L/E/V/Z/T/N,,,,GP/BSP/B2B,KMG319/KMG279/CTU152/SZX146,全渠道,有效,定额+后返,,,,,,,,,,,,,,,,,,90,,
CZ权益包加享,行李加享,P/B/M/H/K/U/A/L/Q/E/V/Z,80.0,,*YXLAABD,GP/BSP/B2B,KMG319/KMG279/CTU152/SZX146,5KG额外行李额度,有效,定额+后返,,,,,,,,,,,,,,,,,,30,,
CZ权益包加享,全国航线：里程行李加享,P/B/M/H/K/U/A/L/Q/E/V/Z,150.0,,*YXLAAMA,GP/BSP/B2B,KMG319/KMG279/CTU152/SZX146,500里程+5KG额外行李额,有效,定额+后返,,,,,,,,,,,,,,,,,,60,,
,,,,,,,,,,,,,,,,,,,,,,,,,,,,,,
,,,,,,,,,,,,,,,,,,,,,,,,,,,,,,
,,,,,,,,,,,,,,,,,,,,,,,,,,,,,,
,,,,,,,,,,,,,,,,,,,,,,,,,,,,,,
,,,,,,,,,,,,,,,,,,,,,,,,,,,,,,
,,,,,,,,,,,,,,,,,,,,,,,,,,,,,,
,,,,,,,,,,,,,,,,,,,,,,,,,,,,,,
,,,,,,,,,,,,,,,,,,,,,,,,,,,,,,
,,,,,,,,,,,,,,,,,,,,,,,,,,,,,,
,,,,,,,,,,,,,,,,,,,,,,,,,,,,,,
,,,,,,,,,,,,,,,,,,,,,,,,,,,,,,
,,,,,,,,,,,,,,,,,,,,,,,,,,,,,,
,,,,,,,,,,,,,,,,,,,,,,,,,,,,,,
,,,,,,,,,,,,,,,,,,,,,,,,,,,,,,
,,,,,,,,,,,,,,,,,,,,,,,,,,,,,,
,,,,,,,,,,,,,,,,,,,,,,,,,,,,,,
,,,,,,,,,,,,,,,,,,,,,,,,,,,,,,
,,,,,,,,,,,,,,,,,,,,,,,,,,,,,,
,,,,,,,,,,,,,,,,,,,,,,,,,,,,,,
,,,,,,,,,,,,,,,,,,,,,,,,,,,,,,
,,,,,,,,,,,,,,,,,,,,,,,,,,,,,,
,,,,,,,,,,,,,,,,,,,,,,,,,,,,,,
,,,,,,,,,,,,,,,,,,,,,,,,,,,,,,
,,,,,,,,,,,,,,,,,,,,,,,,,,,,,,
,,,,,,,,,,,,,,,,,,,,,,,,,,,,,,
,,,,,,,,,,,,,,,,,,,,,,,,,,,,,,
,,,,,,,,,,,,,,,,,,,,,,,,,,,,,,
,,,,,,,,,,,,,,,,,,,,,,,,,,,,,,
,,,,,,,,,,,,,,,,,,,,,,,,,,,,,,
,,,,,,,,,,,,,,,,,,,,,,,,,,,,,,
,,,,,,,,,,,,,,,,,,,,,,,,,,,,,,
,,,,,,,,,,,,,,,,,,,,,,,,,,,,,,
,,,,,,,,,,,,,,,,,,,,,,,,,,,,,,
,,,,,,,,,,,,,,,,,,,,,,,,,,,,,,
,,,,,,,,,,,,,,,,,,,,,,,,,,,,,,
,,,,,,,,,,,,,,,,,,,,,,,,,,,,,,
,,,,,,,,,,,,,,,,,,,,,,,,,,,,,,
,,,,,,,,,,,,,,,,,,,,,,,,,,,,,,
,,,,,,,,,,,,,,,,,,,,,,,,,,,,,,
,,,,,,,,,,,,,,,,,,,,,,,,,,,,,,
,,,,,,,,,,,,,,,,,,,,,,,,,,,,,,
,,,,,,,,,,,,,,,,,,,,,,,,,,,,,,
,,,,,,,,,,,,,,,,,,,,,,,,,,,,,,
,,,,,,,,,,,,,,,,,,,,,,,,,,,,,,
,,,,,,,,,,,,,,,,,,,,,,,,,,,,,,
,,,,,,,,,,,,,,,,,,,,,,,,,,,,,,
,,,,,,,,,,,,,,,,,,,,,,,,,,,,,,
,,,,,,,,,,,,,,,,,,,,,,,,,,,,,,
,,,,,,,,,,,,,,,,,,,,,,,,,,,,,,
,,,,,,,,,,,,,,,,,,,,,,,,,,,,,,
,,,,,,,,,,,,,,,,,,,,,,,,,,,,,,
,,,,,,,,,,,,,,,,,,,,,,,,,,,,,,
,,,,,,,,,,,,,,,,,,,,,,,,,,,,,,
,,,,,,,,,,,,,,,,,,,,,,,,,,,,,,
,,,,,,,,,,,,,,,,,,,,,,,,,,,,,,
,,,,,,,,,,,,,,,,,,,,,,,,,,,,,,
,,,,,,,,,,,,,,,,,,,,,,,,,,,,,,
,,,,,,,,,,,,,,,,,,,,,,,,,,,,,,
,,,,,,,,,,,,,,,,,,,,,,,,,,,,,,
,,,,,,,,,,,,,,,,,,,,,,,,,,,,,,
,,,,,,,,,,,,,,,,,,,,,,,,,,,,,,
,,,,,,,,,,,,,,,,,,,,,,,,,,,,,,
,,,,,,,,,,,,,,,,,,,,,,,,,,,,,,
,,,,,,,,,,,,,,,,,,,,,,,,,,,,,,
,,,,,,,,,,,,,,,,,,,,,,,,,,,,,,
,,,,,,,,,,,,,,,,,,,,,,,,,,,,,,
,,,,,,,,,,,,,,,,,,,,,,,,,,,,,,
,,,,,,,,,,,,,,,,,,,,,,,,,,,,,,
,,,,,,,,,,,,,,,,,,,,,,,,,,,,,,
,,,,,,,,,,,,,,,,,,,,,,,,,,,,,,
,,,,,,,,,,,,,,,,,,,,,,,,,,,,,,
,,,,,,,,,,,,,,,,,,,,,,,,,,,,,,
,,,,,,,,,,,,,,,,,,,,,,,,,,,,,,
,,,,,,,,,,,,,,,,,,,,,,,,,,,,,,
,,,,,,,,,,,,,,,,,,,,,,,,,,,,,,
,,,,,,,,,,,,,,,,,,,,,,,,,,,,,,
,,,,,,,,,,,,,,,,,,,,,,,,,,,,,,
,,,,,,,,,,,,,,,,,,,,,,,,,,,,,,
,,,,,,,,,,,,,,,,,,,,,,,,,,,,,,
,,,,,,,,,,,,,,,,,,,,,,,,,,,,,,
,,,,,,,,,,,,,,,,,,,,,,,,,,,,,,
,,,,,,,,,,,,,,,,,,,,,,,,,,,,,,
,,,,,,,,,,,,,,,,,,,,,,,,,,,,,,
,,,,,,,,,,,,,,,,,,,,,,,,,,,,,,
,,,,,,,,,,,,,,,,,,,,,,,,,,,,,,
,,,,,,,,,,,,,,,,,,,,,,,,,,,,,,
,,,,,,,,,,,,,,,,,,,,,,,,,,,,,,
,,,,,,,,,,,,,,,,,,,,,,,,,,,,,,
,,,,,,,,,,,,,,,,,,,,,,,,,,,,,,
,,,,,,,,,,,,,,,,,,,,,,,,,,,,,,
,,,,,,,,,,,,,,,,,,,,,,,,,,,,,,
,,,,,,,,,,,,,,,,,,,,,,,,,,,,,,
,,,,,,,,,,,,,,,,,,,,,,,,,,,,,,
,,,,,,,,,,,,,,,,,,,,,,,,,,,,,,
,,,,,,,,,,,,,,,,,,,,,,,,,,,,,,
,,,,,,,,,,,,,,,,,,,,,,,,,,,,,,
,,,,,,,,,,,,,,,,,,,,,,,,,,,,,,
,,,,,,,,,,,,,,,,,,,,,,,,,,,,,,
,,,,,,,,,,,,,,,,,,,,,,,,,,,,,,
,,,,,,,,,,,,,,,,,,,,,,,,,,,,,,
,,,,,,,,,,,,,,,,,,,,,,,,,,,,,,
,,,,,,,,,,,,,,,,,,,,,,,,,,,,,,
,,,,,,,,,,,,,,,,,,,,,,,,,,,,,,
,,,,,,,,,,,,,,,,,,,,,,,,,,,,,,
,,,,,,,,,,,,,,,,,,,,,,,,,,,,,,
,,,,,,,,,,,,,,,,,,,,,,,,,,,,,,
,,,,,,,,,,,,,,,,,,,,,,,,,,,,,,
,,,,,,,,,,,,,,,,,,,,,,,,,,,,,,
,,,,,,,,,,,,,,,,,,,,,,,,,,,,,,
,,,,,,,,,,,,,,,,,,,,,,,,,,,,,,
,,,,,,,,,,,,,,,,,,,,,,,,,,,,,,
,,,,,,,,,,,,,,,,,,,,,,,,,,,,,,
,,,,,,,,,,,,,,,,,,,,,,,,,,,,,,
,,,,,,,,,,,,,,,,,,,,,,,,,,,,,,
,,,,,,,,,,,,,,,,,,,,,,,,,,,,,,
,,,,,,,,,,,,,,,,,,,,,,,,,,,,,,
,,,,,,,,,,,,,,,,,,,,,,,,,,,,,,
,,,,,,,,,,,,,,,,,,,,,,,,,,,,,,
,,,,,,,,,,,,,,,,,,,,,,,,,,,,,,
,,,,,,,,,,,,,,,,,,,,,,,,,,,,,,
,,,,,,,,,,,,,,,,,,,,,,,,,,,,,,
,,,,,,,,,,,,,,,,,,,,,,,,,,,,,,
,,,,,,,,,,,,,,,,,,,,,,,,,,,,,,
,,,,,,,,,,,,,,,,,,,,,,,,,,,,,,
,,,,,,,,,,,,,,,,,,,,,,,,,,,,,,
,,,,,,,,,,,,,,,,,,,,,,,,,,,,,,
,,,,,,,,,,,,,,,,,,,,,,,,,,,,,,
,,,,,,,,,,,,,,,,,,,,,,,,,,,,,,
,,,,,,,,,,,,,,,,,,,,,,,,,,,,,,
,,,,,,,,,,,,,,,,,,,,,,,,,,,,,,
,,,,,,,,,,,,,,,,,,,,,,,,,,,,,,
,,,,,,,,,,,,,,,,,,,,,,,,,,,,,,
,,,,,,,,,,,,,,,,,,,,,,,,,,,,,,
,,,,,,,,,,,,,,,,,,,,,,,,,,,,,,
,,,,,,,,,,,,,,,,,,,,,,,,,,,,,,
,,,,,,,,,,,,,,,,,,,,,,,,,,,,,,
,,,,,,,,,,,,,,,,,,,,,,,,,,,,,,
,,,,,,,,,,,,,,,,,,,,,,,,,,,,,,
,,,,,,,,,,,,,,,,,,,,,,,,,,,,,,
,,,,,,,,,,,,,,,,,,,,,,,,,,,,,,
,,,,,,,,,,,,,,,,,,,,,,,,,,,,,,
1、增值经济舱Q舱,所有航线,Q舱  GQQ1,,60,GQQ1,,KMG319/KMG279/CTU152/SZX146,"权益:
-前排座位:经济舱前三排座位;()餐食权益:免费机上餐点一份行李权益:免费托运行李额20KG及1件手提行李(7KG20*40*55cm)
(四) Q无代金券
(五)地面权益:为旅客提供登机口优先登机服务(可享受城市: 北京大兴、西安青岛、海口、丽江、杭州、石家庄出港航班，其他城市暂未开通)(六) 额外积分奖励如果乘客为金鹏会员(积分累积仅限金鹏会员旅客)，购票后除基础消费累积8积分110元以外，可额外累积3积分/10元，共11积分/10元: 定级航段为1。(七)自愿改期、退票手续费优惠:(八)免费提供行程单快递服务(仅限首航官网、首航APP、首航官方旗舰店、首航呼叫中心渠道)。",有效,,,,,,,,,,,,,,,,,,,,上浮16%-20%,
2、商旅优选Q舱,所有航线,Q PXQ1,,10/70,PXQ1,,KMG319/KMG279/CTU152/SZX146,基于Q舱代理费上浮10元/段(70元/段）,有效,,,,,,,,,,,,,,,,,,,,上浮16%-20%,
3、超值经济舱W舱,所有航线,R-K 超值经济舱W(PCJ1),,80,PCJ1,,KMG319/KMG279/CTU152/SZX146,"权益:
-前排座位:经济舱前三排座位(餐食权益:免费机上餐点一份:(三)行李权益:免费托运行李额20KG及1件手提行李(7KG,20*40*55cm)(四)50元国内机票代金券(仅限现官网、公众号、APP/H5等自有渠道购买旅客)(五)地面权益:旅客出行可享受专属值机柜台、优先登机、公务舱贵宾室及优先行李提取相关地面保障服务 (可享受城市: 北京大兴、西安、青岛、海口、丽江、杭州、石家庄出港航班，其他城市暂未开通)(六)额外积分奖励如果乘客为金鹏会员(积分累积仅限金鹏会员旅客)，购票后除基础消费累积8积分110元以外，可额外累积3积分/10元，共11积分/10元; 定级航段为1(七)自愿改期、退票手续费优惠(八)免费提供行程单快递服务 (仅限首航官网、首航APP、首航官方旗舰店、首航呼叫中心渠道)。",有效,,,,,,,,,,,,,,,,,,,,上浮YB24%-25%,
3、超值经济舱W舱,所有航线,商旅优选W舱  PXW1,,10,PXW1,,KMG319/KMG279/CTU152/SZX146,经济舱外放溢价25折左右，提供前三排及餐食、行李及其他地面权益;代理费:80元/航段,有效,,,,,,,,,,,,,,,,,,,,上浮YB24%-25%,
3、超值经济舱W舱,所有航线,超订团队W舱  PCW1,,10,PCW1,,KMG319/KMG279/CTU152/SZX146,基于W舱代理费上浮10元/段,有效,,,,,,,,,,,,,,,,,,,,上浮YB24%-25%,
4、“特惠行李”E,所有航线,E舱  PYE1（包含H/K/L/M/X//N/A/U/T/R 舱位。                                              航线：北京大兴进出港,,10元,PYE1,,KMG319/KMG279/CTU152/SZX146,"当外放最低散客舱位价格为 X 舱（不含）以下时，上浮XX 元,上浮后运价以使用 PAT：A 指令系统自动获取为准，详见下发的产品销售政策。
注：E 舱价格是以该航班经济舱外放最低散客基础舱位
价格上上浮，且 E 舱价格不得高于经济舱公布普通票价。（一）行李权益：旅客可享受 20KG 免费托运行李额及 1
件手提行李（规格为 7KG，20×30×40cm）。
（二）退改优惠权益：自愿改期、退票手续费优惠（详
见自愿改期、退票条款）。",有效,,,,,,,,,,,,,,,,,,,,上浮50元,
5、特惠行李E舱,所有航线,运价代码：PYE1,,10元/35元,PYE1,,KMG319/KMG279/CTU152/SZX146,根据航段不同，溢价不同，提供20KG托运行李,有效,,,,,,,,,,,,,,,,,,,,上浮50元,
6、商旅优选E舱,所有航线,运价标识：PXE1,,10,PXE1,,KMG319/KMG279/CTU152/SZX146,基于E舱代理费上浮10元/段,有效,,,,,,,,,,,,,,,,,,,,上浮50元,
7、优享变更,所有航线,运价标识：PTGH1,,40,PTGH1,,KMG319/KMG279/CTU152/SZX146,外放溢价150元，提供免变更费服务权益,有效,航司结算方式,,,,,,,,,,,,,,,,,,,150,
8、首悦经济舱 P 舱产品,所有航线,订P舱  PPC1/PPC3  （N-B）,,0,PPC1/PPC3,,KMG319/KMG279/CTU152/SZX146,"免费托运行李额：参照下浮前原舱位规定（V\N 舱行李额为
0，其他舱位 10KG,如有运价调整，参见最新运价公布）；                                         4小时含以内100%，4小时-72小时85%，有单独文件客规，参照文件执行",有效,,,,,,,,,,,,,,,,,,,,下浮2%-4%,
9、超值公务舱,所有航线,订Z舱 （PYY1）,,20,PYY1,,KMG319/KMG279/CTU152/SZX146,"1、经济舱联动上浮，适用舱位:Y/H/K/L/M/X/V/N/A/U/T;
2、服务同正价公务舱服务(地面、空中均适用);
3、代理费:20元/段;
4、行李:手提:2件、7KG/件:托运:30KG:
5、有消费积分。",有效,,,,,,,,,,,,,,,,,,,,下浮2%-4%,
10、空中公务舱I,所有航线,订I舱  （PLX1）,,20,PLX1,,KMG319/KMG279/CTU152/SZX146,"1、经济舱联动上浮，适用舱位:Y/H/K/L/M/X/V/N/A/U/T;
2、机上享受公务舱服务，地面不享受;
3、代理费:20元/段;
4、行李:手提:2件、7KG/件;托运:30KG。
5、有消费积分。",有效,,,,,,,,,,,,,,,,,,,,下浮2%-4%,
11、首都航空畅行无忧“机+X”,所有航线 ,H/K/L/M/X/V/N/A/U/T,,20,PYR1,,KMG319/KMG279/CTU152/SZX146,"自愿退票：

1.该产品客票的订座舱位参照现行国内航班多等级舱位管理规定执行办理，以原舱位计算及收取退票费用",有效,,,,,,,,,,,,,,,,,,,,30,
11、首都航空畅行无忧“机+X”,所有航线  ,H/K/L/M/X/V/N/A/U/T,,40,PYQ1,,KMG319/KMG279/CTU152/SZX146,"自愿退票：

1.该产品客票的订座舱位参照现行国内航班多等级舱位管理规定执行办理，以原舱位计算及收取退票费用",有效,前返,,,,,,,,,,,,,,,,,,,60,
12、首都航空畅行无忧“机+X”,所有航线,H/K/L/M/X/V/N/A/U/T,,70,PYU1,,KMG319/KMG279/CTU152/SZX146,"“票价级别/客票类别”（FARE BASIS）栏：订座舱位+
产品代码+上浮固定金额。如：N（订座舱位）+产品代码
PYQ1+100（上浮金额）（例：NPYQ1100）。",有效,,,,,,,,,,,,,,,,,,,,100,
12、首飞有礼,所有航线,"产品权益：20KG 免费托运行李额（其中，在原舱位
H/K/L/M/X舱基础上增加 10KG 行李额，在原舱位V/N/A/U/T/R基础上增加 20KG 行李额）            （25年1月15日重要注意市场，产品必须用指令指令拼运价以及选择对应的运价）                   PAT A@?170",,50,PAS1,,KMG319/KMG279/CTU152/SZX146,BSP：PAT:A#CPAS1/ GP:PAT:A#CPAS1/CGP/CC,有效,,,,,,,,,,,,,,,,,,,,170,
12、首飞有礼,所有航线,"产品权益：20KG 免费托运行李额（其中，在原舱位
H/K/L/M/X舱基础上增加 10KG 行李额，在原舱位V/N/A/U/T/R基础上增加 20KG 行李额）            （25年1月15日重要注意市场，产品必须用指令指令拼运价以及选择对应的运价）                   PAT A@?170",,160,PBS1,,KMG319/KMG279/CTU152/SZX146,BSP：PAT:A#CPBS1/ GP:PAT:A#CPBS1/CGP/CC,有效,前返,,,,,,,,,,,,,,,,,,,350,
12、首飞有礼,所有航线,"产品权益：20KG 免费托运行李额（其中，在原舱位
H/K/L/M/X舱基础上增加 10KG 行李额，在原舱位V/N/A/U/T/R基础上增加 20KG 行李额）            （25年1月15日重要注意市场，产品必须用指令指令拼运价以及选择对应的运价）                   PAT A@?170",,250,PCS1,,KMG319/KMG279/CTU152/SZX146,BSP：PAT:A#CPCS1/ GP:PAT:A#CPCS1/CGP/CC,有效,前返,,,,,,,,,,,,,,,,,,,500,
12、首飞有礼,所有航线,"产品权益：20KG 免费托运行李额（其中，在原舱位
H/K/L/M/X舱基础上增加 10KG 行李额，在原舱位V/N/A/U/T/R基础上增加 20KG 行李额）            （25年1月15日重要注意市场，产品必须用指令指令拼运价以及选择对应的运价）                   PAT A@?170",,350,PDS1,,KMG319/KMG279/CTU152/SZX146,BSP：PAT:A#CPDS1/ GP:PAT:A#CPDS1/CGP/CC,有效,前返,,,,,,,,,,,,,,,,,,,650,
12、首飞有礼,所有航线,"产品权益：20KG 免费托运行李额（其中，在原舱位
H/K/L/M/X舱基础上增加 10KG 行李额，在原舱位V/N/A/U/T/R基础上增加 20KG 行李额）            （25年1月15日重要注意市场，产品必须用指令指令拼运价以及选择对应的运价）                   PAT A@?170",,450,PES1,,KMG319/KMG279/CTU152/SZX146,BSP：PAT:A#CPES1/ GP:PAT:A#CPES1/CGP/CC,有效,前返,,,,,,,,,,,,,,,,,,,800,
12、首飞有礼,所有航线,"产品权益：20KG 免费托运行李额（其中，在原舱位
H/K/L/M/X舱基础上增加 10KG 行李额，在原舱位V/N/A/U/T/R基础上增加 20KG 行李额）            （25年1月15日重要注意市场，产品必须用指令指令拼运价以及选择对应的运价）                   PAT A@?170",,600,PFS1,,KMG319/KMG279/CTU152/SZX146,BSP：PAT:A#CPFS1/ GP:PAT:A#CPFS1/CGP/CC,有效,前返,,,,,,,,,,,,,,,,,,,1000,
12、首飞有礼,所有航线,"产品权益：20KG 免费托运行李额（其中，在原舱位
H/K/L/M/X舱基础上增加 10KG 行李额，在原舱位V/N/A/U/T/R基础上增加 20KG 行李额）            （25年1月15日重要注意市场，产品必须用指令指令拼运价以及选择对应的运价）                   PAT A@?170",,900,PGS1,,KMG319/KMG279/CTU152/SZX146,BSP：PAT:A#CPGS1/ GP:PAT:A#CPGS1/CGP/CC,有效,前返,,,,,,,,,,,,,,,,,,,1500,
13、倍多分积分溢价,所有航线,"1.产品价格基于经济舱 B/H/K/L/M/X/V/N/A/U/T（含子舱
位）公布运价固定上浮",,30,,,KMG319/KMG279/CTU152/SZX146,PJF1   1200 积分,有效,,,,,,,,,,,,,,,,,,,,180,
13、倍多分积分溢价,所有航线,"1.产品价格基于经济舱 B/H/K/L/M/X/V/N/A/U/T（含子舱
位）公布运价固定上浮",,80,,,KMG319/KMG279/CTU152/SZX146,PBF1    2000 积分,有效,,,,,,,,,,,,,,,,,,,,360,
13、倍多分积分溢价,所有航线,"1.产品价格基于经济舱 B/H/K/L/M/X/V/N/A/U/T（含子舱
位）公布运价固定上浮",,150,,,KMG319/KMG279/CTU152/SZX146,PGF1    4000积分,有效,,,,,,,,,,,,,,,,,,,,600,
14、免改添翼,所有航线（指定航线）西安进出港和异地航线，具体参照文件）,K/L/M/X/V/N/A/U/T/P/A1/U1/T1/P1,,100,,,KMG319/KMG279/CTU152/SZX146,MGTA1,有效,,,,,,,,,,,,,,,,,,,,300,
14、免改添翼,所有航线（指定航线）西安进出港和异地航线，具体参照文件）,K/L/M/X/V/N/A/U/T/P/A1/U1/T1/P1,,200,,,KMG319/KMG279/CTU152/SZX146,MGTB1,有效,,,,,,,,,,,,,,,,,,,,500,
14、免改添翼,所有航线（指定航线）西安进出港和异地航线，具体参照文件）,K/L/M/X/V/N/A/U/T/P/A1/U1/T1/P1,,350,,,KMG319/KMG279/CTU152/SZX146,MGTC1,有效,,,,,,,,,,,,,,,,,,,,700,
往返无忧,JHG-PKX/LJG-CAN/SJW-HAK/ENH-NKG/INC-CAN/NKG-HAK/XIY-YYA/TFU-SYX/WDS-NKG/YNZ-KWE/HSC-XIY/HAK-TYN/KWL-LYI/XIY-HAK/TFU-LJG/SYX-TYN/XIY-HCZ/XIY-YIC/WUH-HAK/HAK-TNA/SYX-TSN/SYX-KHN/YNT-WUH/NNG-SWA/LJG-WDS/SHE-WDS/SJW-GYS/HAK-XIY/FOC-SYX/TFU-HAK/CKG-CAN/XIY-YIN/SJW-XIY/YIH-KWE/NNG-SYX/SWA-NKG/SJW-ZQZ/YIC-XIY/KWE-YIH/HAK-KWE/BZX-TAO/YYA-HAK/SJW-HGH/SJW-LJG/HCZ-NKG/KWE-LJG/HQQ-HRB/NNY-HGH/SHS-TAO/JHG-HGH/CGQ-TYN/SYX-LYI/CGO-KRL/WMT-HFE/HRB-HQQ/SYX-HQQ/HRB-SZX/CGO-LJG/NKG-ENH/ENH-HAK/IQN-HGH/XIY-SJW/YIC-SYX/JJN-SYX/HRB-FUG/CIF-SJW/ZUH-LJG/LYI-KWL/NNG-SHS/XMN-TXN/TYN-HAK/ENH-HGH/LJG-ZUH/TAO-CSX/CGO-HAK/TAO-HFE/AKA-HGH/XNN-KHN/HAK-HZA/KWE-HAK/XIY-ENH/NKG-HCZ/HGH-NNY/JJN-DXJ/HFE-LJG/SZX-HAK/HGH-ZHY/HFE-WMT/SYX-CGO/NKG-TAO/XIY-HSC/WDS-HAK/NKG-WDS/LJG-NNG/ERL-PKX/CGO-SYX/KHN-XNN/LJG-KHN/HGH-AKA/JJN-YNZ/ENY-NKG/ENH-XIY/HGH-ENH/XMN-LJG/HQQ-SYX/LJG-XMN/GYS-HAK/SHS-NNG/NZH-PKX/SJW-YIH/HFE-HAK/CKG-LJG/TAO-NKG/TXN-XMN/NKG-SWA/TAO-BZX/SWA-HAK/TYN-SYX/WDS-LJG/KWL-HAK/NNG-BZX/LYI-SYX/LJG-WMT/KHN-LJG/DZH-HAK/TAO-SHS/HZA-HAK/NNG-LJG/XMN-KMG/DXJ-XIY/YNZ-JJN/TSN-SYX/KHN-SYX/ENY-INC/SJW-DZH/CSX-HAK/TNA-HAK/PKX-NZH/BZX-NNG/INC-ENY/ZUH-HAK/ZHY-HGH/YYA-XIY/WMT-LJG/ZQZ-SJW/ZHY-XNN/XNN-ZHY/DXJ-JJN/XIY-DXJ/YIE-PKX/PKX-YIE  直减,V/N,,,PWF3,,KMG319/KMG279/CTU152/SZX146,"提前天数：
需航班起飞前3天销售日期:2026年3月13日至2026年4月30日",有效,,,,,,,,,,,,,,,,,,,,5%,
,JHG-PKX/LJG-CAN/SJW-HAK/ENH-NKG/INC-CAN/NKG-HAK/XIY-YYA/TFU-SYX/WDS-NKG/YNZ-KWE/HSC-XIY/HAK-TYN/KWL-LYI/XIY-HAK/TFU-LJG/SYX-TYN/XIY-HCZ/XIY-YIC/WUH-HAK/HAK-TNA/SYX-TSN/SYX-KHN/YNT-WUH/NNG-SWA/LJG-WDS/SHE-WDS/SJW-GYS/HAK-XIY/FOC-SYX/TFU-HAK/CKG-CAN/XIY-YIN/SJW-XIY/YIH-KWE/NNG-SYX/SWA-NKG/SJW-ZQZ/YIC-XIY/KWE-YIH/HAK-KWE/BZX-TAO/YYA-HAK/SJW-HGH/SJW-LJG/HCZ-NKG/KWE-LJG/HQQ-HRB/NNY-HGH/SHS-TAO/JHG-HGH/CGQ-TYN/SYX-LYI/CGO-KRL/WMT-HFE/HRB-HQQ/SYX-HQQ/HRB-SZX/CGO-LJG/NKG-ENH/ENH-HAK/IQN-HGH/XIY-SJW/YIC-SYX/JJN-SYX/HRB-FUG/CIF-SJW/ZUH-LJG/LYI-KWL/NNG-SHS/XMN-TXN/TYN-HAK/ENH-HGH/LJG-ZUH/TAO-CSX/CGO-HAK/TAO-HFE/AKA-HGH/XNN-KHN/HAK-HZA/KWE-HAK/XIY-ENH/NKG-HCZ/HGH-NNY/JJN-DXJ/HFE-LJG/SZX-HAK/HGH-ZHY/HFE-WMT/SYX-CGO/NKG-TAO/XIY-HSC/WDS-HAK/NKG-WDS/LJG-NNG/ERL-PKX/CGO-SYX/KHN-XNN/LJG-KHN/HGH-AKA/JJN-YNZ/ENY-NKG/ENH-XIY/HGH-ENH/XMN-LJG/HQQ-SYX/LJG-XMN/GYS-HAK/SHS-NNG/NZH-PKX/SJW-YIH/HFE-HAK/CKG-LJG/TAO-NKG/TXN-XMN/NKG-SWA/TAO-BZX/SWA-HAK/TYN-SYX/WDS-LJG/KWL-HAK/NNG-BZX/LYI-SYX/LJG-WMT/KHN-LJG/DZH-HAK/TAO-SHS/HZA-HAK/NNG-LJG/XMN-KMG/DXJ-XIY/YNZ-JJN/TSN-SYX/KHN-SYX/ENY-INC/SJW-DZH/CSX-HAK/TNA-HAK/PKX-NZH/BZX-NNG/INC-ENY/ZUH-HAK/ZHY-HGH/YYA-XIY/WMT-LJG/ZQZ-SJW/ZHY-XNN/XNN-ZHY/DXJ-JJN/XIY-DXJ/YIE-PKX/PKX-YIE  直减,A/U/T,,,PWF3,,KMG319/KMG279/CTU152/SZX146,,有效,,,,,,,,,,,,,,,,,,,,8%,
,JHG-PKX/LJG-CAN/SJW-HAK/ENH-NKG/INC-CAN/NKG-HAK/XIY-YYA/TFU-SYX/WDS-NKG/YNZ-KWE/HSC-XIY/HAK-TYN/KWL-LYI/XIY-HAK/TFU-LJG/SYX-TYN/XIY-HCZ/XIY-YIC/WUH-HAK/HAK-TNA/SYX-TSN/SYX-KHN/YNT-WUH/NNG-SWA/LJG-WDS/SHE-WDS/SJW-GYS/HAK-XIY/FOC-SYX/TFU-HAK/CKG-CAN/XIY-YIN/SJW-XIY/YIH-KWE/NNG-SYX/SWA-NKG/SJW-ZQZ/YIC-XIY/KWE-YIH/HAK-KWE/BZX-TAO/YYA-HAK/SJW-HGH/SJW-LJG/HCZ-NKG/KWE-LJG/HQQ-HRB/NNY-HGH/SHS-TAO/JHG-HGH/CGQ-TYN/SYX-LYI/CGO-KRL/WMT-HFE/HRB-HQQ/SYX-HQQ/HRB-SZX/CGO-LJG/NKG-ENH/ENH-HAK/IQN-HGH/XIY-SJW/YIC-SYX/JJN-SYX/HRB-FUG/CIF-SJW/ZUH-LJG/LYI-KWL/NNG-SHS/XMN-TXN/TYN-HAK/ENH-HGH/LJG-ZUH/TAO-CSX/CGO-HAK/TAO-HFE/AKA-HGH/XNN-KHN/HAK-HZA/KWE-HAK/XIY-ENH/NKG-HCZ/HGH-NNY/JJN-DXJ/HFE-LJG/SZX-HAK/HGH-ZHY/HFE-WMT/SYX-CGO/NKG-TAO/XIY-HSC/WDS-HAK/NKG-WDS/LJG-NNG/ERL-PKX/CGO-SYX/KHN-XNN/LJG-KHN/HGH-AKA/JJN-YNZ/ENY-NKG/ENH-XIY/HGH-ENH/XMN-LJG/HQQ-SYX/LJG-XMN/GYS-HAK/SHS-NNG/NZH-PKX/SJW-YIH/HFE-HAK/CKG-LJG/TAO-NKG/TXN-XMN/NKG-SWA/TAO-BZX/SWA-HAK/TYN-SYX/WDS-LJG/KWL-HAK/NNG-BZX/LYI-SYX/LJG-WMT/KHN-LJG/DZH-HAK/TAO-SHS/HZA-HAK/NNG-LJG/XMN-KMG/DXJ-XIY/YNZ-JJN/TSN-SYX/KHN-SYX/ENY-INC/SJW-DZH/CSX-HAK/TNA-HAK/PKX-NZH/BZX-NNG/INC-ENY/ZUH-HAK/ZHY-HGH/YYA-XIY/WMT-LJG/ZQZ-SJW/ZHY-XNN/XNN-ZHY/DXJ-JJN/XIY-DXJ/YIE-PKX/PKX-YIE  直减,Y/H/K/L/M/X,,,,,KMG319/KMG279/CTU152/SZX146,,有效,,,,,,,,,,,,,,,,,,,,0%,
往返无忧PWF3A,JHG-PKX/LJG-CAN/SJW-HAK/ENH-NKG/INC-CAN/NKG-HAK/XIY-YYA/TFU-SYX/WDS-NKG/YNZ-KWE/HSC-XIY/HAK-TYN/KWL-LYI/XIY-HAK/TFU-LJG/SYX-TYN/XIY-HCZ/XIY-YIC/WUH-HAK/HAK-TNA/SYX-TSN/SYX-KHN/YNT-WUH/NNG-SWA/LJG-WDS/SHE-WDS/SJW-GYS/HAK-XIY/FOC-SYX/TFU-HAK/CKG-CAN/XIY-YIN/SJW-XIY/YIH-KWE/NNG-SYX/SWA-NKG/SJW-ZQZ/YIC-XIY/KWE-YIH/HAK-KWE/BZX-TAO/YYA-HAK/SJW-HGH/SJW-LJG/HCZ-NKG/KWE-LJG/HQQ-HRB/NNY-HGH/SHS-TAO/JHG-HGH/CGQ-TYN/SYX-LYI/CGO-KRL/WMT-HFE/HRB-HQQ/SYX-HQQ/HRB-SZX/CGO-LJG/NKG-ENH/ENH-HAK/IQN-HGH/XIY-SJW/YIC-SYX/JJN-SYX/HRB-FUG/CIF-SJW/ZUH-LJG/LYI-KWL/NNG-SHS/XMN-TXN/TYN-HAK/ENH-HGH/LJG-ZUH/TAO-CSX/CGO-HAK/TAO-HFE/AKA-HGH/XNN-KHN/HAK-HZA/KWE-HAK/XIY-ENH/NKG-HCZ/HGH-NNY/JJN-DXJ/HFE-LJG/SZX-HAK/HGH-ZHY/HFE-WMT/SYX-CGO/NKG-TAO/XIY-HSC/WDS-HAK/NKG-WDS/LJG-NNG/ERL-PKX/CGO-SYX/KHN-XNN/LJG-KHN/HGH-AKA/JJN-YNZ/ENY-NKG/ENH-XIY/HGH-ENH/XMN-LJG/HQQ-SYX/LJG-XMN/GYS-HAK/SHS-NNG/NZH-PKX/SJW-YIH/HFE-HAK/CKG-LJG/TAO-NKG/TXN-XMN/NKG-SWA/TAO-BZX/SWA-HAK/TYN-SYX/WDS-LJG/KWL-HAK/NNG-BZX/LYI-SYX/LJG-WMT/KHN-LJG/DZH-HAK/TAO-SHS/HZA-HAK/NNG-LJG/XMN-KMG/DXJ-XIY/YNZ-JJN/TSN-SYX/KHN-SYX/ENY-INC/SJW-DZH/CSX-HAK/TNA-HAK/PKX-NZH/BZX-NNG/INC-ENY/ZUH-HAK/ZHY-HGH/YYA-XIY/WMT-LJG/ZQZ-SJW/ZHY-XNN/XNN-ZHY/DXJ-JJN/XIY-DXJ/YIE-PKX/PKX-YIE  直减,V/N,,,PWF3,,KMG319/KMG279/CTU152/SZX146,,有效,,,,,,,,,,,,,,,,,,,,5%,
,JHG-PKX/LJG-CAN/SJW-HAK/ENH-NKG/INC-CAN/NKG-HAK/XIY-YYA/TFU-SYX/WDS-NKG/YNZ-KWE/HSC-XIY/HAK-TYN/KWL-LYI/XIY-HAK/TFU-LJG/SYX-TYN/XIY-HCZ/XIY-YIC/WUH-HAK/HAK-TNA/SYX-TSN/SYX-KHN/YNT-WUH/NNG-SWA/LJG-WDS/SHE-WDS/SJW-GYS/HAK-XIY/FOC-SYX/TFU-HAK/CKG-CAN/XIY-YIN/SJW-XIY/YIH-KWE/NNG-SYX/SWA-NKG/SJW-ZQZ/YIC-XIY/KWE-YIH/HAK-KWE/BZX-TAO/YYA-HAK/SJW-HGH/SJW-LJG/HCZ-NKG/KWE-LJG/HQQ-HRB/NNY-HGH/SHS-TAO/JHG-HGH/CGQ-TYN/SYX-LYI/CGO-KRL/WMT-HFE/HRB-HQQ/SYX-HQQ/HRB-SZX/CGO-LJG/NKG-ENH/ENH-HAK/IQN-HGH/XIY-SJW/YIC-SYX/JJN-SYX/HRB-FUG/CIF-SJW/ZUH-LJG/LYI-KWL/NNG-SHS/XMN-TXN/TYN-HAK/ENH-HGH/LJG-ZUH/TAO-CSX/CGO-HAK/TAO-HFE/AKA-HGH/XNN-KHN/HAK-HZA/KWE-HAK/XIY-ENH/NKG-HCZ/HGH-NNY/JJN-DXJ/HFE-LJG/SZX-HAK/HGH-ZHY/HFE-WMT/SYX-CGO/NKG-TAO/XIY-HSC/WDS-HAK/NKG-WDS/LJG-NNG/ERL-PKX/CGO-SYX/KHN-XNN/LJG-KHN/HGH-AKA/JJN-YNZ/ENY-NKG/ENH-XIY/HGH-ENH/XMN-LJG/HQQ-SYX/LJG-XMN/GYS-HAK/SHS-NNG/NZH-PKX/SJW-YIH/HFE-HAK/CKG-LJG/TAO-NKG/TXN-XMN/NKG-SWA/TAO-BZX/SWA-HAK/TYN-SYX/WDS-LJG/KWL-HAK/NNG-BZX/LYI-SYX/LJG-WMT/KHN-LJG/DZH-HAK/TAO-SHS/HZA-HAK/NNG-LJG/XMN-KMG/DXJ-XIY/YNZ-JJN/TSN-SYX/KHN-SYX/ENY-INC/SJW-DZH/CSX-HAK/TNA-HAK/PKX-NZH/BZX-NNG/INC-ENY/ZUH-HAK/ZHY-HGH/YYA-XIY/WMT-LJG/ZQZ-SJW/ZHY-XNN/XNN-ZHY/DXJ-JJN/XIY-DXJ/YIE-PKX/PKX-YIE,A/U/T,,,PWF3,,KMG319/KMG279/CTU152/SZX146,,有效,,,,,,,,,,,,,,,,,,,,8%,
,JHG-PKX/LJG-CAN/SJW-HAK/ENH-NKG/INC-CAN/NKG-HAK/XIY-YYA/TFU-SYX/WDS-NKG/YNZ-KWE/HSC-XIY/HAK-TYN/KWL-LYI/XIY-HAK/TFU-LJG/SYX-TYN/XIY-HCZ/XIY-YIC/WUH-HAK/HAK-TNA/SYX-TSN/SYX-KHN/YNT-WUH/NNG-SWA/LJG-WDS/SHE-WDS/SJW-GYS/HAK-XIY/FOC-SYX/TFU-HAK/CKG-CAN/XIY-YIN/SJW-XIY/YIH-KWE/NNG-SYX/SWA-NKG/SJW-ZQZ/YIC-XIY/KWE-YIH/HAK-KWE/BZX-TAO/YYA-HAK/SJW-HGH/SJW-LJG/HCZ-NKG/KWE-LJG/HQQ-HRB/NNY-HGH/SHS-TAO/JHG-HGH/CGQ-TYN/SYX-LYI/CGO-KRL/WMT-HFE/HRB-HQQ/SYX-HQQ/HRB-SZX/CGO-LJG/NKG-ENH/ENH-HAK/IQN-HGH/XIY-SJW/YIC-SYX/JJN-SYX/HRB-FUG/CIF-SJW/ZUH-LJG/LYI-KWL/NNG-SHS/XMN-TXN/TYN-HAK/ENH-HGH/LJG-ZUH/TAO-CSX/CGO-HAK/TAO-HFE/AKA-HGH/XNN-KHN/HAK-HZA/KWE-HAK/XIY-ENH/NKG-HCZ/HGH-NNY/JJN-DXJ/HFE-LJG/SZX-HAK/HGH-ZHY/HFE-WMT/SYX-CGO/NKG-TAO/XIY-HSC/WDS-HAK/NKG-WDS/LJG-NNG/ERL-PKX/CGO-SYX/KHN-XNN/LJG-KHN/HGH-AKA/JJN-YNZ/ENY-NKG/ENH-XIY/HGH-ENH/XMN-LJG/HQQ-SYX/LJG-XMN/GYS-HAK/SHS-NNG/NZH-PKX/SJW-YIH/HFE-HAK/CKG-LJG/TAO-NKG/TXN-XMN/NKG-SWA/TAO-BZX/SWA-HAK/TYN-SYX/WDS-LJG/KWL-HAK/NNG-BZX/LYI-SYX/LJG-WMT/KHN-LJG/DZH-HAK/TAO-SHS/HZA-HAK/NNG-LJG/XMN-KMG/DXJ-XIY/YNZ-JJN/TSN-SYX/KHN-SYX/ENY-INC/SJW-DZH/CSX-HAK/TNA-HAK/PKX-NZH/BZX-NNG/INC-ENY/ZUH-HAK/ZHY-HGH/YYA-XIY/WMT-LJG/ZQZ-SJW/ZHY-XNN/XNN-ZHY/DXJ-JJN/XIY-DXJ/YIE-PKX/PKX-YIE,Y/H/K/L/M/X,,,PWF3,,KMG319/KMG279/CTU152/SZX146,,有效,,,,,,,,,,,,,,,,,,,,0%,
往返无忧,首都航空国内自营航线（首都航空为市场方的代码共享航班、包机航班除外）,V/N,,,PWF3,,KMG319/KMG279/CTU152/SZX146,,有效,,,,,,,,,,,,,,,,,,,,3%,
,首都航空国内自营航线（首都航空为市场方的代码共享航班、包机航班除外）,A/U/T,,,PWF3,,KMG319/KMG279/CTU152/SZX146,,有效,,,,,,,,,,,,,,,,,,,,6%,
,首都航空国内自营航线（首都航空为市场方的代码共享航班、包机航班除外）,Y/H/K/L/M/X,,,PWF3,,KMG319/KMG279/CTU152/SZX146,,有效,,,,,,,,,,,,,,,,,,,,0%,
往返无忧PWF3A,首都航空国内自营航线（首都航空为市场方的代码共享航班、包机航班除外）,V/N,,,PWF3,,KMG319/KMG279/CTU152/SZX146,,有效,,,,,,,,,,,,,,,,,,,,3%,
,首都航空国内自营航线（首都航空为市场方的代码共享航班、包机航班除外）,A/U/T,,,PWF3,,KMG319/KMG279/CTU152/SZX146,,有效,,,,,,,,,,,,,,,,,,,,6%,
,首都航空国内自营航线（首都航空为市场方的代码共享航班、包机航班除外）,Y/H/K/L/M/X,,,PWF3,,KMG319/KMG279/CTU152/SZX146,,有效,,,,,,,,,,,,,,,,,,,,0%,
青老年特惠,指定航线,H/K/L/M/X/V/N/A/U/T,,,PCU3,,KMG319/KMG279,指定航线、价格浮动,有效,,,,,,,,,,,,,,,,,,,,2%,
,,,,,PCX3,,KMG319/KMG279,,,,,,,,,,,,,,,,,,,,,,2%,
G 舱往返自由行产品,"JD 国内自营航线（首都航空为市场方
的代码共享航班除外）",G 舱,,0,PZY3,,KMG319/KMG279,团队申请需上浮50,有效,,,,,,,,,,,,,,,,,,,,,
特殊贡献旅客,"首都航空国内自营航线（包机及首航为市场方的代码共
享航班、联运航班除外）","公务舱：首都航空公务舱（C/D/Z/I 舱）、经济舱：首都航空公布运价及私有运价舱位
（W/R/Y/Q/E/H/K/L/M/X/V/N/A/U/T 舱）",,,"消防人员：PSE1、全国抗击新冠肺炎疫情先进个人：PSC1、现役军人：PSD1、离退休及退役军人、军人烈士遗属、因公牺牲遗属、病
故遗属：PSY1",,KMG319/KMG279,"各销售单位见舱销售，不得 K 位；特殊舱位 J/O/G/
不适用该产品政策（J/O 舱为免票舱位、G 舱为团队舱位）、特殊贡献旅客有效证件
1.共和国勋章获得者、中国国家荣誉功勋获得者、两院
院士、全国脱贫攻坚楷模、国家科学技术奖获得者（国家最
高科学技术奖、国家自然科学奖、国家技术发明奖、国家科
学技术进步奖和中华人民共和国国际科学技术合作奖）获奖
证书等。
2.消防人员及退休消防人员有效证件：《国家综合性消
防救援队伍干部证》《国家综合性消防救援队伍消防员证》
《国家综合性消防救援队伍学员证》《国家综合性消防救援
队伍退休证》《政府专职消防员证》《政府专职消防文员证》
《专职消防员证》（需由该省消防救援总队政治部颁发）。
3.全国抗击新冠肺炎疫情先进个人获奖证书等。
4.现役军人有效证件：中国人民解放军《军官证》《文
职干部证》《义务兵证》《士官证》《军士证》和中国人民
武装警察部队《警官证》《文职干部证》《义务兵证》《士
官证》《警士证》及军校《学员证》。
5.退役军人、离退休军人验证方式：退役军人事务部优
抚平台进行退役、离退休军人数据接口 IT 对接，校验成功
后，由用户中心纳入管理，认证成功的旅客可购本方案优惠
客票。
6.军人烈士/因公牺牲军人/病故军人遗属验证方式：退
役军人事务部优抚平台进行遗属旅客数据接口 IT 对接，校
验成功后，由用户中心纳入管理，认证成功的旅客可购本方
案优惠客票。
7.现役消防救援人员和现役军人需凭其本人有效证件
购票；其他特殊贡献旅客凭身份证或其它证件购票，并出示
相应有效证件享受优惠。",,,,,,,,,,,,,,,,,,,,,优惠 15%（即：开放舱位对应票价×0.85）,
优享积分,"首都航空国内自营航线（包机及首航为市场方的代码共
享航班、联运航班除外）",H/K/L/M/X/V/N/A/U/T,,20,PYXA1,,KMG319/KMG279,"额外赠送积
分400",有效,,,,,,,,,,,,,,,,,,,,80,
,"首都航空国内自营航线（包机及首航为市场方的代码共
享航班、联运航班除外）",H/K/L/M/X/V/N/A/U/T,,30,PYXB1,,KMG319/KMG279,"额外赠送积
分800",,,,,,,,,,,,,,,,,,,,,120,
,"首都航空国内自营航线（包机及首航为市场方的代码共
享航班、联运航班除外）",H/K/L/M/X/V/N/A/U/T,,50,PYXC1,,KMG319/KMG279,"额外赠送积
分1600",有效,,,,,,,,,,,,,,,,,,,,240,
,"首都航空国内自营航线（包机及首航为市场方的代码共
享航班、联运航班除外）",H/K/L/M/X/V/N/A/U/T,,70,PYXD1,,KMG319/KMG279,"额外赠送积
分2400",,,,,,,,,,,,,,,,,,,,,360,
国内热门打卡地促销,"JD国内自营指定部分航班（保底补贴、
定额补贴、普通包销的包机、首都航空为市场方的代码共享
航班除外）",H/K/L/M/X/V/N/A/U/T,,,DAQ1,,KMG319/KMG279,,有效,,,,,,,,,,,,,,,,,,,,"在定座舱位对应票价基础上再享受 X%折扣，
折扣率整体不低于 90%（即：开放舱位对应票价最低*90%，
如：折扣率 90%，折扣下浮=定座舱位票价×90%）",
,"JD国内自营指定部分航班（保底补贴、
定额补贴、普通包销的包机、首都航空为市场方的代码共享
航班除外）",H/K/L/M/X/V/N/A/U/T,,,DAD1,,KMG319/KMG279,,有效,,,,,,,,,,,,,,,,,,,,"在定座舱位对应票价基础上再享受 X%折扣，
折扣率整体不低于 90%（即：开放舱位对应票价最低*90%，
如：折扣率 90%，折扣下浮=定座舱位票价×91%）",
,"JD国内自营指定部分航班（保底补贴、
定额补贴、普通包销的包机、首都航空为市场方的代码共享
航班除外）",H/K/L/M/X/V/N/A/U/T,,,DAP1,,KMG319/KMG279,,有效,,,,,,,,,,,,,,,,,,,,"在定座舱位对应票价基础上再享受 X%折扣，
折扣率整体不低于 90%（即：开放舱位对应票价最低*90%，
如：折扣率 90%，折扣下浮=定座舱位票价×92%）",
舒享经济舱R舱,分级溢价+高代理费经济舱前三排座位免费托运行李额20KG配餐时段提供简餐或小食,H/K/L/M/X/V/N/A/U/T,,60,GRR1,,KMG319/KMG279,,有效,,,,,,,,,,,,,,,,,,,,160-270,
悦享经济舱W舱,"分级溢价+高代理费经济舱前三排座位免费托运行李额20KG
配餐时段提供简餐或小食自愿改期+退票手续费优惠
专属值机柜台+优先登机+公务舱贵宾室+优先行李提取
(可享受城市:北京大兴、西安、青岛、海口、丽江、杭州、石家庄出港航班)",H/K/L/M/X/V/N/A/U/T,,80,PCJ1,,KMG319/KMG279,,有效,,,,,,,,,,,,,,,,,,,,300,
悦享经济舱W舱,"分级溢价+高代理费经济舱前三排座位免费托运行李额21KG
配餐时段提供简餐或小食自愿改期+退票手续费优惠
专属值机柜台+优先登机+公务舱贵宾室+优先行李提取
(可享受城市:北京大兴、西安、青岛、海口、丽江、杭州、石家庄出港航班)",H/K/L/M/X/V/N/A/U/T,,150,PCA1,,KMG319/KMG279,,有效,,,,,,,,,,,,,,,,,,,,400,
特惠行李E舱,低价获得免费20KG托运行李额,H/K/L/M/X/V/N/A/U/T,,10,PYE1/PXE1,,KMG319/KMG279,,有效,,,,,,,,,,,,,,,,,,,,70-120,
畅行无忧,低溢价+高代理费托运行李额随订座舱位,H/K/L/M/X/V/N/A/U/T,,20,PYU1 (OTA),,KMG319/KMG279,,有效,,,,,,,,,,,,,,,,,,,,30,
畅行无忧,低溢价+高代理费托运行李额随订座舱位,H/K/L/M/X/V/N/A/U/T,,40,PYR1,,KMG319/KMG279,,有效,,,,,,,,,,,,,,,,,,,,60,
畅行无忧,低溢价+高代理费托运行李额随订座舱位,H/K/L/M/X/V/N/A/U/T,,70,PYQ1,,KMG319/KMG279,PAT:A然后选择对应产品代码的价格,有效,,,,,,,,,,,,,,,,,,,,100,
优享变更,"分级溢价+高代理费托运行李额随订座舱位
航班计划出港时间前4小时(含)以前，免费变更一次",H/K/L/M/X/V/N/A/U/T,,40,PTGH1,,KMG319/KMG279,PAT:A然后选择对应产品代码的价格,有效,,,,,,,,,,,,,,,,,,,,150,
优享变更,"分级溢价+高代理费托运行李额随订座舱位
航班计划出港时间前5小时(含)以前，免费变更一次",H/K/L/M/X/V/N/A/U/T,,100,PTHH1,,KMG319/KMG279,PAT:A然后选择对应产品代码的价格,有效,,,,,,,,,,,,,,,,,,,,300,
优享变更,"分级溢价+高代理费托运行李额随订座舱位
航班计划出港时间前6小时(含)以前，免费变更一次",H/K/L/M/X/V/N/A/U/T,,200,PTNH1,,KMG319/KMG279,PAT:A然后选择对应产品代码的价格,有效,,,,,,,,,,,,,,,,,,,,500,
MU、GP免费快速安检通道,昆明出港GP,,不限,免费东01安检通道,,,KMG319/KMG279,发送“名字+票号+航班号 航程+日期时间+人数+服务需求”到QQ保障群704876602,有效,,,,,,,,,,,,,,,,,,,,,
MU、GP高舱免费接送,昆明进出港GP+集团客户47开头,"GP/U、F、J、C、D、Q、I、W、P、Y、B、
M、E、K舱。",1000票面以上,免费接送机,,,KMG319,分号限量使用，需要完成对应指标,,,,,,,,,,,,,,,,,,,,,,
MU、GP高舱免费接送,昆明进出港GP+集团客户47开头,接送机适用舱位:U、F、J、C、D、Q、I、W、P、Y、B、M、E、K、L、N、R、S、V舱，GP 和集团客户均可使用，且实际出票净票价(不含税费)单程须在人民币500元(含)以上。,500票面以上,免费接送机,,,KMG319,接送机服务一张东航票号对应免费享受东航提供昆明长水机场与昆明市区指定区域接送机服务。所赠接、送机服务，乘机当日有效。即日起至2025年03月31日,,,,,,,,,,,,,,,,,,,,,,
MU、里程优享,所有航线(所有GP优享产品可适用于航前4小时免费改期的政策),C/D/Q/I/P/B/M/E/K/L/N/R/S/V,80,GP: 40元  L5 300里程,GPL5,,KMG319/KMG279/CTU152/SZX146,"1.旅客类型‘’东方万里行‘’会员（限成人）

2.后返（GP都适用）
注意：销售时注意是否有会员号，只能销售有‘’会员号‘’旅客，非会员暂不能销售，如有变动已通知为准。",有效,后返,,,,,,,,,,,,,,,,,,,,
MU、里程优享,所有航线(所有GP优享产品可适用于航前4小时免费改期的政策),C/D/Q/I/P/B/M/E/K/L/N/R/S/V/T/Z,150,GP:75元   L1 600里程,GPL1,,KMG319,,,,,,,,,,,,,,,,,,,,,,,
MU、里程优享,所有航线(所有GP优享产品可适用于航前4小时免费改期的政策),C/D/Q/I/P/B/M/E/K/L/N/R/S/V/T/Z,260,GP:130元  L2 1200里程,GPL2,,KMG319,,,,,,,,,,,,,,,,,,,,,,,
MU、里程优享,所有航线(所有GP优享产品可适用于航前4小时免费改期的政策),C/D/Q/I/P/B/M/E/K/L/N/R/S/V/T/Z,370,GP:185元  (L3) 1800里程,GPL3,,KMG319,,,,,,,,,,,,,,,,,,,,,,,
MU、里程优享,所有航线(所有GP优享产品可适用于航前4小时免费改期的政策),C/D/Q/I/P/B/M/E/K/L/N/R/S/V/T/Z,530,GP:265 (L4) 2400里程,GPL4,,KMG319,,,,,,,,,,,,,,,,,,,,,,,
MU、里程优享,所有航线(所有GP优享产品可适用于航前4小时免费改期的政策),C/D/Q/I/P/B/M/E/K/L/N/R/S/V/T/Z,800,GP:400元（里程1800）L6 3600里程,GPL6,,KMG319,,,,,,,,,,,,,,,,,,,,,,,
MU、里程优享,所有航线(所有GP优享产品可适用于航前4小时免费改期的政策),C/D/Q/I/P/B/M/E/K/L/N/R/S/V/T/Z,1000,GP:500元（里程2400）L7 4800里程,GPL7,,KMG319,,,,,,,,,,,,,,,,,,,,,,,
MU、里程优享,所有航线(所有BSP优享产品),C/D/Q/I/P/B/M/E/K/L/N/R/S/V/T/Z,80,BSP:30   L5 300里程,L5,,KMG319/KMG279/CTU152/SZX146,,,,,,,,,,,,,,,,,,,,,,,
MU、里程优享,所有航线(所有BSP优享产品),C/D/Q/I/P/B/M/E/K/L/N/R/S/V/T/Z,150,BSP:60   L1 600里程,L1,,KMG319/KMG279/CTU152,,"销售日期：不限
承运日期：2026 年 4 月 1 日-2026 年 12 月 31 日",后返,,,,,,,,,,,,,,,,,,,,
MU、里程优享,所有航线(所有BSP优享产品),C/D/Q/I/P/B/M/E/K/L/N/R/S/V/T/Z,260,BSP:110    L2 1200里程,L2,,KMG319/KMG279/CTU152,,,,,,,,,,,,,,,,,,,,,,,
MU、里程优享,所有航线(所有BSP优享产品),C/D/Q/I/P/B/M/E/K/L/N/R/S/V/T/Z,370,BSP:130 L3  1800里程,L3,,KMG319/KMG279/CTU152,,,,,,,,,,,,,,,,,,,,,,,
MU、里程优享,所有航线(所有BSP优享产品),C/D/Q/I/P/B/M/E/K/L/N/R/S/V/T/Z,530,BSP:200  L4 2400里程,L4,,KMG319/KMG279/CTU152,,,,,,,,,,,,,,,,,,,,,,,
MU、里程优享,所有航线(所有BSP优享产品),C/D/Q/I/P/B/M/E/K/L/N/R/S/V/T/Z,800,BSP:320  L6 3600里程,L6,,KMG319/KMG279/CTU152,,,,,,,,,,,,,,,,,,,,,,,
MU、里程优享,所有航线(所有BSP优享产品),C/D/Q/I/P/B/M/E/K/L/N/R/S/V/T/Z,1000,BSP:350 L7 4800里程,L7,,KMG319/KMG279/CTU152,,,,,,,,,,,,,,,,,,,,,,,
GP 渠道“里程优享”4.1-12.31,所有航线,C/D/Q/I/P/B/M/E/K/L/N/R/S/V/T/Z,80,20          300里程 ,GPL5,,KMG319,"使用 GP 里程优享产品，可享受航前 4 小时免费改期的权
益。",,,,,,,,,,,,,,,,,,,,,,
GP 渠道“里程优享”4.1-12.31,所有航线,C/D/Q/I/P/B/M/E/K/L/N/R/S/V/T/Z,150,38           600里程 ,GPL1,,KMG319,,,,,,,,,,,,,,,,,,,,,,,
GP 渠道“里程优享”4.1-12.31,所有航线,C/D/Q/I/P/B/M/E/K/L/N/R/S/V/T/Z,260,65          1200里程 ,GPL2,,KMG319,,,,,,,,,,,,,,,,,,,,,,,
GP 渠道“里程优享”4.1-12.31,所有航线,C/D/Q/I/P/B/M/E/K/L/N/R/S/V/T/Z,370,93           1800里程,GPL3,,KMG319,,,,,,,,,,,,,,,,,,,,,,,
GP 渠道“里程优享”4.1-12.31,所有航线,C/D/Q/I/P/B/M/E/K/L/N/R/S/V/T/Z,530,133          2400里程,GPL4,,KMG319,,,,,,,,,,,,,,,,,,,,,,,
GP 渠道“里程优享”4.1-12.31,所有航线,C/D/Q/I/P/B/M/E/K/L/N/R/S/V/T/Z,800,200          3600里程,GPL6,,KMG319,,,,,,,,,,,,,,,,,,,,,,,
GP 渠道“里程优享”4.1-12.31,所有航线,C/D/Q/I/P/B/M/E/K/L/N/R/S/V/T/Z,1000,250          4800里程,GPL7,,KMG319,,,,,,,,,,,,,,,,,,,,,,,
“里程优享”4.1-12.31,所有航线,C/D/Q/I/P/B/M/E/K/L/N/R/S/V/T/Z,80,20         L5  300里程 ,LCYX300,,KMG319,"销售渠道：BSP/B2T
销售日期：即日起-2026 年 12 月 31 日
承运日期：2026 年 4 月 1 日-2026 年 12 月 31 日（具体
以运价发布时间为准）",,,,,,,,,,,,,,,,,,,,,,
“里程优享”4.1-12.31,所有航线,C/D/Q/I/P/B/M/E/K/L/N/R/S/V/T/Z,150,38         L1   600里程 ,LCYX600,,KMG319,,,,,,,,,,,,,,,,,,,,,,,
“里程优享”4.1-12.31,所有航线,C/D/Q/I/P/B/M/E/K/L/N/R/S/V/T/Z,260,65          L2 1200里程 ,LCYX1200,,KMG319,,,,,,,,,,,,,,,,,,,,,,,
“里程优享”4.1-12.31,所有航线,C/D/Q/I/P/B/M/E/K/L/N/R/S/V/T/Z,370,93         L3 1800里程,LCYX1800,,KMG319,,,,,,,,,,,,,,,,,,,,,,,
“里程优享”4.1-12.31,所有航线,C/D/Q/I/P/B/M/E/K/L/N/R/S/V/T/Z,530,133          L4 2400里程,LCYX2400,,KMG319,,,,,,,,,,,,,,,,,,,,,,,
“里程优享”4.1-12.31,所有航线,C/D/Q/I/P/B/M/E/K/L/N/R/S/V/T/Z,800,200          L6 3600里程,LCYX3600,,KMG319,,,,,,,,,,,,,,,,,,,,,,,
“里程优享”4.1-12.31,所有航线,C/D/Q/I/P/B/M/E/K/L/N/R/S/V/T/Z,1000,250          L7 4800里程,LCYX4800,,KMG319,,,,,,,,,,,,,,,,,,,,,,,
MU，GP 客票晋舱前返,适用航线：东上航实际承运涉及KMG=CAN=PVG=SZX=TCZ=TSN=URC=WUH=XMN=PKX=SHA=XIY=TAO=BSD=ZAT=DIG=TYN=JHG=WUX=LNJ，以及全国航线，具体参照表格销售,适用舱位：经济舱（Y/B/M/E/K/L/N/R/S）GP客票；运价标识：定 Y 舱后使用 PAT:A#CGP 可展示 FB 为 YGP10M 的运价，代表在 M 舱公布运价+10%Y 舱价格,高舱-低舱,差价的40%-60%前返,YGP10M,,KMG319/KMG279/CTU152,,,,,,,,,,,,,,,,,,,,,,,
变更优享+,填开在 781 客票上的东航、上航实际承运航班（代号共享航班除外）,M/E/K/L/N/R/S/V（对产品价格超过经济舱 Y 舱公布运价的情况进行拦截）,160,40,BG,,KMG319,"旅客类型：仅限成人旅客、儿童，婴儿及特殊旅客不适用。
销售渠道：BSP/B2T
销售日期：即日起-2026 年 12 月 31 日
承运日期：2026 年 4 月 1 日-2026 年 12 月 31 日（具体以运价发布时间为准）",,,,,,,,,,,,,,,,,,,,,,
MU、云南GP空铁优享,昆明进出港航线(C/D/Q/I/P/B/M/E/K/L/N/R/S/V/T/Z),1.区域一：增值服务包括玉溪、曲靖至或返昆明高铁二等座客票一张、昆明站或昆明南站至或返昆明长水机场地面运输一次（专车）,260,210,,,KMG319,产品对应舱位客票的航班/日期变更，自愿变更时间在航班规定离站时间前4小时（含）之外，免收变更手续费,有效,,,,,,,,,,,,,,,,,,,,,
MU、云南GP空铁优享,昆明进出港航线(C/D/Q/I/P/B/M/E/K/L/N/R/S/V/T/Z),2.区域二：包括建水、楚雄、蒙自、文山至或返昆明高铁二等座客票一张、昆明站或昆明南站至或返昆明长水机场地面运输一次,310,260,,,KMG319,1.注意台账做共享链接（用车信息+对应高铁信息）,航班日期：即日起-2025年12月31日,,,,,,,,,,,,,,,,,,,,,
MU、云南GP空铁优享,昆明进出港航线(C/D/Q/I/P/B/M/E/K/L/N/R/S/V/T/Z),3.区域三：包括普洱、大理、保山、版纳、丽江至或返昆明高铁二等座客票一张、昆明站或昆明南站至或返昆明长水机场地面运输一次（专车）,410,360,,,KMG319,,,,,,,,,,,,,,,,,,,,,,,
MU、云南GP空铁优享,昆明进出港航线(C/D/Q/I/P/B/M/E/K/L/N/R/S/V/T/Z),区域四：包括临沧、迪庆至或返昆明高铁二等座客票一张、昆明站或昆明南站至或返昆明长水机场地面运输一次（专车）,460,410,,,KMG319,,,,,,,,,,,,,,,,,,,,,,,
MU、昆明易优享,①易登机,KMG-PKX-PVG-SHA-TFU-HFE-CAN-SZX-CTU-XIY-TCZ-JHG-SYM-LUM-LNJ-BSD (N舱以上）,460,410,,,KMG319/KMG279/CTU152/SZX146,,,,,,,,,,,,,,,,,,,,,,,
用车优享+,单程、往返程,P/B/M/E/K/L/N/R/S/V/T/Z,150,38,YC,,KMG319,"销售日期：即日起至 2026 年 12 月 31 日
承运日期:2026 年 4 月 1 日-2026 年 12 月 31 日
（具体以运价发布时间为准）",有效,后返,,,,,,,,,,,,,,,,,,,,
Wi-Fi 优享+,所有航线  BSP/B2T渠道“Wi-Fi优享+,P/B/M/E/K/L/N/R/S/V/T/Z,40,10,W1,,KMG319,"销售渠道：BSP/B2T
使用渠道：机上空中互联门户
销售日期：即日起-2026 年 12 月 31 日
承运日期：2026 年 4 月 1 日-2026 年 12 月 31 日（具体
以运价发布时间为准）",,后返,,,,,,,,,,,,,,,,,,,,
MU、Wi-Fi优享+里程优享,所有行程,P/B/M/E/K/L/N/R/S/V/T/Z( 产品代码：WFLCYX300,110,28,W3,,KMG319,"销售日期：即日起-2026 年 12 月 31 日
承运日期：2026 年 4 月 1 日-2026 年 12 月 31 日",,后返,,,,,,,,,,,,,,,,,,,,
MU、Wi-Fi优享+里程优享,所有行程,P/B/M/E/K/L/N/R/S/V/T/Z( 产品代码：WFLCYX600,190,48,W4,,KMG319,,,后返,,,,,,,,,,,,,,,,,,,,
MU、Wi-Fi优享+里程优享,所有行程,P/B/M/E/K/L/N/R/S/V/T/Z( 产品代码：WFLCYX1200,300,75,W5,,KMG319,,,后返,,,,,,,,,,,,,,,,,,,,
GP 渠道 Wi-Fi 优享+里程优享,"东上航实际承运的含有机上互联服务网功能的国内直达航班（不适用于中转或经停）
",B/M/E/K/L/N/R/S/V/T/Z,110,28,GPW3,,KMG319,"适用渠道：BSP
销售日期：不限
承运日期：2026 年 4 月 1 日-2026 年 12 月 31 日
适用航程：单程、往返程
适用客票：GP 客票   特殊退改规则：使用 GP WIFI+里程优享产品可享受航前 4
小时免费改期政策",,后返,,,,,,,,,,,,,,,,,,,,
GP 渠道 Wi-Fi 优享+里程优享,"东上航实际承运的含有机上互联服务网功能的国内直达航班（不适用于中转或经停）
",B/M/E/K/L/N/R/S/V/T/Z,190,48,GPW4,,KMG319,,,,,,,,,,,,,,,,,,,,,,,
GP 渠道 Wi-Fi 优享+里程优享,"东上航实际承运的含有机上互联服务网功能的国内直达航班（不适用于中转或经停）
",B/M/E/K/L/N/R/S/V/T/Z,300,75,GPW5,,KMG319,,,,,,,,,,,,,,,,,,,,,,,
MU、东航免费接送机调整,所有行程,"适用航线:昆明始发或到达东、上航实际承运国内单程、往返程、铁口程航班;
3、东航云南有限公司客户编号为47开头的两方和三方集（7月-9月调整K舱起免费接送）",300,125,,,KMG319,,,,,,,,,,,,,,,,,,,,,,,
安心优享+,所有航线,C/D/Q/I/P/B/M/E/K/L/N/R/S/V/T/Z,99,25,BX,,KMG319/KMG279/CTU152/SZX146,"销售渠道：BSP
销售日期：即日起至 2026 年 12 月 31 日。
承运日期：2026 年 4 月 1 日至 2026 年 12 月 31 日。
产品内容：在外放价格之上设置较高价格，旅客购买较高价格后可获赠航班综合保险（包含航空意外险、航班延误险）和东航商城优惠券。旅客购买“安心优享+”产品后，为乘机人投保，发放商城优惠券。投保信息的短信发到乘机人 CTCM手机号。商城优惠券可以用手机号绑定的会员账户或以手机号游客身份登录领取。商城优惠券有效期自发放之日开始算 90天有效。",,,,,,,,,,,,,,,,,,,,,,
MU国博优享,所有航线,"U/C/D/Q/I/W/P/B/M/E/K/L/N/R/S/V/T/Z
TC 项（GBYX）、FB 项（G5）",70-120,20,G5,,KMG319,"销售日期：2025 年 9 月 3 日至 2026 年 6 月 30 日。
承运日期：2025 年 9 月 3 日至 2026 年 6 月 30 日。
行程类型：单程。",有效,,,,,,,,,,,,,,,,,,,,,
低碳优享,东航/上航实际承运国内单程/往返直达航班。,"B/M/E/K/L/N/R/S/V/T/Z(对产品价格超
过经济舱无折扣公布运价的情况进行拦截)",150,60,DX3,,KMG319,"销售渠道：BSP
销售日期：即日起-2026 年 12 月 31 日。
承运日期：2026 年 4 月 1 日-2026 年 12 月 31 日。普通客票以 Farebasis 项后缀两位即 X2/X3 为识别代
号,GP 客票以后缀四位即 GPX2/GPX3 为识别代号",有效,,,,,,,,,,,,,,,,,,,,,
低碳优享,东航/上航实际承运国内单程/往返直达航班。,"B/M/E/K/L/N/R/S/V/T/Z(对产品价格超
过经济舱无折扣公布运价的情况进行拦截)",300,120,DX2,,KMG319,,,,,,,,,,,,,,,,,,,,,,,
SC旅行优享,所有航线,所有舱位,50,10+12+22,*/SWX50,GP/BSP,KMG319/KMG279,指定航班航段，基本异地航线（见附件）,销售日期：2026 年 4 月 4 日-2026 年 12 月 31 日,,,,,,,,,,,,,,,,,,,,,前返+后返
SC旅行优享,所有航线,所有舱位,100,25+25+,*/SWX,GP/BSP,KMG319/KMG279,无,销售日期：2026 年 4 月 4 日-2026 年 12 月 31 日,,,,,,,,,,,,,,,,,,,,,前返+后返
SC免改优享（机+“改期”）,所有航线,所有舱位,150,37+37+,*/SWX1,GP/BSP,KMG319/KMG279,1、起飞前4H免费改期1次,销售日期：2026 年 4 月 4 日-2026 年 12 月 31 日,,,,,,,,,,,,,,,,,,,,,前返+后返
SC免改优享（机+“改期”）,所有航线,所有舱位,200,50+50+,*/SWX2,GP/BSP,KMG319/KMG279,改期权益随票自动交付,销售日期：2026 年 4 月 4 日-2026 年 12 月 31 日,,,,,,,,,,,,,,,,,,,,,前返+后返
SC免改优享（机+“改期”）,所有航线,所有舱位,300,75+75+,*/SWX3,GP/BSP,KMG319/KMG279,改期权益随票自动交付,销售日期：2026 年 4 月 4 日-2026 年 12 月 31 日,,,,,,,,,,,,,,,,,,,,,前返+后返
SC免改优享（机+“改期”）,所有航线,所有舱位,500,125+125+,*7SWX5,GP/BSP,KMG319/KMG279,改期权益随票自动交付,销售日期：2026 年 4 月 4 日-2026 年 12 月 31 日,,,,,,,,,,,,,,,,,,,,,前返+后返
SC退票优享,所有航线,所有舱位,400,100+100+,*/SWXTP4,GP/BSP,KMG319/KMG279,"1、航班起飞 48 小时（含）之前，自
愿退票仅收取 160 元固定手续费。",销售日期：2026 年 4 月 4 日-2026 年 12 月 31 日,,,,,,,,,,,,,,,,,,,,,前返+后返
SC退票优享,所有航线,所有舱位,600,150+150+,*/SWXTP6,GP/BSP,KMG319/KMG279,"1、航班起飞 24 小时（含）之前，自
愿退票仅收取 180 元固定手续费。",销售日期：2026 年 4 月 4 日-2026 年 12 月 31 日,,,,,,,,,,,,,,,,,,,,,前返+后返
SC退票优享,所有航线,所有舱位,800,200+200+,*/SWXTP8,GP/BSP,KMG319/KMG279,"1、航班起 12 小时（含）之前，自愿
退票仅收取 220 元固定手续费。",销售日期：2026 年 4 月 4 日-2026 年 12 月 31 日,,,,,,,,,,,,,,,,,,,,,前返+后返
SC畅达优享,所有航线,所有舱位,130,32+32+,*SWXJS1,GP/BSP,KMG319/KMG279,"1、起飞前 48 小时免费改期 1 次
2、20 元用车优惠券*1 张
3、30 元用车优惠券*1 张",销售日期：2026 年 4 月 4 日-2026 年 12 月 31 日,,,,,,,,,,,,,,,,,,,,,前返+后返
SC畅达优享,所有航线,所有舱位,240,60+60+,*SWXJS2,GP/BSP,KMG319/KMG279,"1、起飞前 48 小时免费改期 1 次
2、100 元用车优惠券*1 张",销售日期：2026 年 4 月 4 日-2026 年 12 月 31 日,,,,,,,,,,,,,,,,,,,,,前返+后返
SC畅达优享,所有航线,所有舱位,450,112+112,*SWXJS4,GP/BSP,KMG319/KMG279,"1、起飞前 48 小时免费改期 1 次
2、200 元用车优惠券*1 张",销售日期：2026 年 4 月 4 日-2026 年 12 月 31 日,,,,,,,,,,,,,,,,,,,,,前返+后返
SC升舱优享,所有航线,所有舱位,700,175+175+,*/SWXTC7,GP/BSP,KMG319/KMG279,1、赠送 698 元国内通用升舱券 1 张,销售日期：2026 年 4 月 4 日-2026 年 12 月 31 日,,,,,,,,,,,,,,,,,,,,,前返+后返
SC贵宾室优享,所有航线,所有舱位,200,50+50+,*/SWXGB2,GP/BSP,KMG319/KMG279,"1、赠青岛机场山航自营贵宾会员休息
室券 1 张。
2、起飞前 48H 免费改期 1 次",销售日期：2026 年 4 月 4 日-2026 年 12 月 31 日,,,,,,,,,,,,,,,,,,,,,前返+后返
SC贵宾室优享,所有航线,所有舱位,300,75+75+,*/SWXGB3,GP/BSP,KMG319/KMG279,"1、赠烟台机场山航自营贵宾会员休息
室券 1 张。
2、起飞前 48H 免费改期 1 次。",销售日期：2026 年 4 月 4 日-2026 年 12 月 31 日,,,,,,,,,,,,,,,,,,,,,前返+后返
SC里程加享(机+“里程”),所有航线,所有舱位,100,25+25+,*/LCJX1,GP/BSP,KMG319/KMG279,1、起飞前4H免费改期1次2、300额外非定级里程,销售日期：2026 年 4 月 4 日-2026 年 12 月 31 日,,,,,,,,,,,,,,,,,,,,,前返+后返
SC里程加享(机+“里程”),所有航线,所有舱位,150,37+37,*/LCJX15,GP/BSP,KMG319/KMG279,1、起飞前4H免费改期1次2、500额外非定级里程,销售日期：2026 年 4 月 4 日-2026 年 12 月 31 日,,,,,,,,,,,,,,,,,,,,,前返+后返
SC里程加享(机+“里程”),所有航线,所有舱位,200,50+50+,*/LCJX2,GP/BSP,KMG319/KMG279,1、起飞前4H免费改期1次2、800额外非定级里程,销售日期：2026 年 4 月 4 日-2026 年 12 月 31 日,,,,,,,,,,,,,,,,,,,,,前返+后返
SC里程加享(机+“里程”),所有航线,所有舱位,300,75+75+,*/LCJX3,GP/BSP,KMG319/KMG279,1、起飞前4H免费改期1次2、1200额外非定级里程,销售日期：2026 年 4 月 4 日-2026 年 12 月 31 日,,,,,,,,,,,,,,,,,,,,,前返+后返
SC里程加享(机+“里程”),所有航线,所有舱位,500,125+125+,*/LCJX5,GP/BSP,KMG319/KMG279,1、起飞前4H免费改期1次2、2000额外非定级里程,销售日期：2026 年 4 月 4 日-2026 年 12 月 31 日,,,,,,,,,,,,,,,,,,,,,前返+后返
SC里程加享(100航信商旅优选）),所有航线,所有舱位,100,25+25+,*/HXLCJX1,GP/BSP,KMG319/KMG279,"1、起飞前 4H 免费改期 1 次
2、300 额外非定级里程",销售日期：2026 年 4 月 4 日-2026 年 12 月 31 日,,,,,,,,,,,,,,,,,,,,,前返+后返
SC全能臻享,所有航线,所有舱位,900,225+225+,*SWXQN09,GP/BSP,KMG319/KMG279,"1、起飞前 4 小时免费改期 1 次。
2、航班起 24 小时（含）之前，自愿
退票仅收取 180 元固定手续费。
3、3600 额外非定级里程。",销售日期：2026 年 4 月 4 日-2026 年 12 月 31 日,,,,,,,,,,,,,,,,,,,,,前返+后返
SC全能臻享,所有航线,所有舱位,1000,250+250+,*SWXQN10,GP/BSP,KMG319/KMG279,"1、起飞前 4 小时免费改期 1 次。
2、航班起 12 小时（含）之前，自愿
退票仅收取 220 元固定手续费。
3、4000 额外非定级里程。",销售日期：2026 年 4 月 4 日-2026 年 12 月 31 日,,,,,,,,,,,,,,,,,,,,,前返+后返
SC好礼优享,所有航线,所有舱位,300,75+75+,*/SWXHL3,GP/BSP,KMG319/KMG279,1、赠山航特色机长熊一个。,销售日期：2026 年 4 月 4 日-2026 年 12 月 31 日,,,,,,,,,,,,,,,,,,,,,前返+后返
SC免费接送机,济南、青岛、烟台,C/D/W/Y/B/M/U/H,无,无,(GP),GP/BSP,KMG319,需要注册，预约免费接送机,有效,,,,,,,,,,,,,,,,,,,,,
SC   B舱高,全国航线,"B舱（休息室、免费改、额外行李、鲁雁值累计1鲁雁值=1元、快速安检等选一）
M舱（快速安检、累积积分、5KG选一）     ",无,"首次推60元/人
已注册且使用30元/人",,GP/BSP,KMG319,已结算回为准,有效,,,,,,,,,,,,,,,,,,,,,
  ,,,,,,,,,,,,,,,,,,,,,,,,,,,,,,
,,,,,,,,,,,,,,,,,,,,,,,,,,,,,,
,,,,,,,,,,,,,,,,,,,,,,,,,,,,,,
,,,,,,,,,,,,,,,,,,,,,,,,,,,,,,
,,,,,,,,,,,,,,,,,,,,,,,,,,,,,,
,,,,,,,,,,,,,,,,,,,,,,,,,,,,,,
,,,,,,,,,,,,,,,,,,,,,,,,,,,,,,
,,,,,,,,,,,,,,,,,,,,,,,,,,,,,,
,,,,,,,,,,,,,,,,,,,,,,,,,,,,,,
,,,,,,,,,,,,,,,,,,,,,,,,,,,,,,
,,,,,,,,,,,,,,,,,,,,,,,,,,,,,,
,,,,,,,,,,,,,,,,,,,,,,,,,,,,,,
,,,,,,,,,,,,,,,,,,,,,,,,,,,,,,
,,,,,,,,,,,,,,,,,,,,,,,,,,,,,,
,,,,,,,,,,,,,,,,,,,,,,,,,,,,,,
,,,,,,,,,,,,,,,,,,,,,,,,,,,,,,
,,,,,,,,,,,,,,,,,,,,,,,,,,,,,,
,,,,,,,,,,,,,,,,,,,,,,,,,,,,,,
,,,,,,,,,,,,,,,,,,,,,,,,,,,,,,
,,,,,,,,,,,,,,,,,,,,,,,,,,,,,,
,,,,,,,,,,,,,,,,,,,,,,,,,,,,,,
,,,,,,,,,,,,,,,,,,,,,,,,,,,,,,
,,,,,,,,,,,,,,,,,,,,,,,,,,,,,,
,,,,,,,,,,,,,,,,,,,,,,,,,,,,,,
,,,,,,,,,,,,,,,,,,,,,,,,,,,,,,
,,,,,,,,,,,,,,,,,,,,,,,,,,,,,,
,,,,,,,,,,,,,,,,,,,,,,,,,,,,,,
,,,,,,,,,,,,,,,,,,,,,,,,,,,,,,
,,,,,,,,,,,,,,,,,,,,,,,,,,,,,,
,,,,,,,,,,,,,,,,,,,,,,,,,,,,,,
,,,,,,,,,,,,,,,,,,,,,,,,,,,,,,
,,,,,,,,,,,,,,,,,,,,,,,,,,,,,,
,,,,,,,,,,,,,,,,,,,,,,,,,,,,,,
,,,,,,,,,,,,,,,,,,,,,,,,,,,,,,
,,,,,,,,,,,,,,,,,,,,,,,,,,,,,,
,,,,,,,,,,,,,,,,,,,,,,,,,,,,,,
,,,,,,,,,,,,,,,,,,,,,,,,,,,,,,
,,,,,,,,,,,,,,,,,,,,,,,,,,,,,,
,,,,,,,,,,,,,,,,,,,,,,,,,,,,,,
,,,,,,,,,,,,,,,,,,,,,,,,,,,,,,
,,,,,,,,,,,,,,,,,,,,,,,,,,,,,,
,,,,,,,,,,,,,,,,,,,,,,,,,,,,,,
,,,,,,,,,,,,,,,,,,,,,,,,,,,,,,
,,,,,,,,,,,,,,,,,,,,,,,,,,,,,,
,,,,,,,,,,,,,,,,,,,,,,,,,,,,,,
,,,,,,,,,,,,,,,,,,,,,,,,,,,,,,
,,,,,,,,,,,,,,,,,,,,,,,,,,,,,,
,,,,,,,,,,,,,,,,,,,,,,,,,,,,,,
,,,,,,,,,,,,,,,,,,,,,,,,,,,,,,
,,,,,,,,,,,,,,,,,,,,,,,,,,,,,,
,,,,,,,,,,,,,,,,,,,,,,,,,,,,,,
,,,,,,,,,,,,,,,,,,,,,,,,,,,,,,
,,,,,,,,,,,,,,,,,,,,,,,,,,,,,,
,,,,,,,,,,,,,,,,,,,,,,,,,,,,,,
,,,,,,,,,,,,,,,,,,,,,,,,,,,,,,
,,,,,,,,,,,,,,,,,,,,,,,,,,,,,,
,,,,,,,,,,,,,,,,,,,,,,,,,,,,,,
,,,,,,,,,,,,,,,,,,,,,,,,,,,,,,
,,,,,,,,,,,,,,,,,,,,,,,,,,,,,,
,,,,,,,,,,,,,,,,,,,,,,,,,,,,,,
,,,,,,,,,,,,,,,,,,,,,,,,,,,,,,
,,,,,,,,,,,,,,,,,,,,,,,,,,,,,,
,,,,,,,,,,,,,,,,,,,,,,,,,,,,,,
,,,,,,,,,,,,,,,,,,,,,,,,,,,,,,
,,,,,,,,,,,,,,,,,,,,,,,,,,,,,,
,,,,,,,,,,,,,,,,,,,,,,,,,,,,,,
,,,,,,,,,,,,,,,,,,,,,,,,,,,,,,
,,,,,,,,,,,,,,,,,,,,,,,,,,,,,,
,,,,,,,,,,,,,,,,,,,,,,,,,,,,,,
,,,,,,,,,,,,,,,,,,,,,,,,,,,,,,
,,,,,,,,,,,,,,,,,,,,,,,,,,,,,,
,,,,,,,,,,,,,,,,,,,,,,,,,,,,,,
,,,,,,,,,,,,,,,,,,,,,,,,,,,,,,
,,,,,,,,,,,,,,,,,,,,,,,,,,,,,,
,,,,,,,,,,,,,,,,,,,,,,,,,,,,,,
,,,,,,,,,,,,,,,,,,,,,,,,,,,,,,
,,,,,,,,,,,,,,,,,,,,,,,,,,,,,,
,,,,,,,,,,,,,,,,,,,,,,,,,,,,,,
,,,,,,,,,,,,,,,,,,,,,,,,,,,,,,
,,,,,,,,,,,,,,,,,,,,,,,,,,,,,,
,,,,,,,,,,,,,,,,,,,,,,,,,,,,,,
,,,,,,,,,,,,,,,,,,,,,,,,,,,,,,
,,,,,,,,,,,,,,,,,,,,,,,,,,,,,,
,,,,,,,,,,,,,,,,,,,,,,,,,,,,,,
,,,,,,,,,,,,,,,,,,,,,,,,,,,,,,
,,,,,,,,,,,,,,,,,,,,,,,,,,,,,,
,,,,,,,,,,,,,,,,,,,,,,,,,,,,,,
,,,,,,,,,,,,,,,,,,,,,,,,,,,,,,
,,,,,,,,,,,,,,,,,,,,,,,,,,,,,,
,,,,,,,,,,,,,,,,,,,,,,,,,,,,,,
,,,,,,,,,,,,,,,,,,,,,,,,,,,,,,
,,,,,,,,,,,,,,,,,,,,,,,,,,,,,,
,,,,,,,,,,,,,,,,,,,,,,,,,,,,,,
,,,,,,,,,,,,,,,,,,,,,,,,,,,,,,
,,,,,,,,,,,,,,,,,,,,,,,,,,,,,,
,,,,,,,,,,,,,,,,,,,,,,,,,,,,,,
,,,,,,,,,,,,,,,,,,,,,,,,,,,,,,
,,,,,,,,,,,,,,,,,,,,,,,,,,,,,,
,,,,,,,,,,,,,,,,,,,,,,,,,,,,,,
,,,,,,,,,,,,,,,,,,,,,,,,,,,,,,
,,,,,,,,,,,,,,,,,,,,,,,,,,,,,,
,,,,,,,,,,,,,,,,,,,,,,,,,,,,,,
,,,,,,,,,,,,,,,,,,,,,,,,,,,,,,
,,,,,,,,,,,,,,,,,,,,,,,,,,,,,,
,,,,,,,,,,,,,,,,,,,,,,,,,,,,,,
,,,,,,,,,,,,,,,,,,,,,,,,,,,,,,
,,,,,,,,,,,,,,,,,,,,,,,,,,,,,,
,,,,,,,,,,,,,,,,,,,,,,,,,,,,,,
,,,,,,,,,,,,,,,,,,,,,,,,,,,,,,
,,,,,,,,,,,,,,,,,,,,,,,,,,,,,,
,,,,,,,,,,,,,,,,,,,,,,,,,,,,,,
,,,,,,,,,,,,,,,,,,,,,,,,,,,,,,
,,,,,,,,,,,,,,,,,,,,,,,,,,,,,,
,,,,,,,,,,,,,,,,,,,,,,,,,,,,,,
,,,,,,,,,,,,,,,,,,,,,,,,,,,,,,
,,,,,,,,,,,,,,,,,,,,,,,,,,,,,,
,,,,,,,,,,,,,,,,,,,,,,,,,,,,,,
,,,,,,,,,,,,,,,,,,,,,,,,,,,,,,
,,,,,,,,,,,,,,,,,,,,,,,,,,,,,,
,,,,,,,,,,,,,,,,,,,,,,,,,,,,,,
,,,,,,,,,,,,,,,,,,,,,,,,,,,,,,
,,,,,,,,,,,,,,,,,,,,,,,,,,,,,,
,,,,,,,,,,,,,,,,,,,,,,,,,,,,,,
,,,,,,,,,,,,,,,,,,,,,,,,,,,,,,
,,,,,,,,,,,,,,,,,,,,,,,,,,,,,,
,,,,,,,,,,,,,,,,,,,,,,,,,,,,,,
,,,,,,,,,,,,,,,,,,,,,,,,,,,,,,
,,,,,,,,,,,,,,,,,,,,,,,,,,,,,,
,,,,,,,,,,,,,,,,,,,,,,,,,,,,,,
,,,,,,,,,,,,,,,,,,,,,,,,,,,,,,
,,,,,,,,,,,,,,,,,,,,,,,,,,,,,,
,,,,,,,,,,,,,,,,,,,,,,,,,,,,,,
,,,,,,,,,,,,,,,,,,,,,,,,,,,,,,
,,,,,,,,,,,,,,,,,,,,,,,,,,,,,,
,,,,,,,,,,,,,,,,,,,,,,,,,,,,,,
,,,,,,,,,,,,,,,,,,,,,,,,,,,,,,
,,,,,,,,,,,,,,,,,,,,,,,,,,,,,,
,,,,,,,,,,,,,,,,,,,,,,,,,,,,,,
,,,,,,,,,,,,,,,,,,,,,,,,,,,,,,
,,,,,,,,,,,,,,,,,,,,,,,,,,,,,,
,,,,,,,,,,,,,,,,,,,,,,,,,,,,,,
,,,,,,,,,,,,,,,,,,,,,,,,,,,,,,
,,,,,,,,,,,,,,,,,,,,,,,,,,,,,,
,,,,,,,,,,,,,,,,,,,,,,,,,,,,,,
,,,,,,,,,,,,,,,,,,,,,,,,,,,,,,
,,,,,,,,,,,,,,,,,,,,,,,,,,,,,,
,,,,,,,,,,,,,,,,,,,,,,,,,,,,,,
,,,,,,,,,,,,,,,,,,,,,,,,,,,,,,
,,,,,,,,,,,,,,,,,,,,,,,,,,,,,,
,,,,,,,,,,,,,,,,,,,,,,,,,,,,,,
,,,,,,,,,,,,,,,,,,,,,,,,,,,,,,
,,,,,,,,,,,,,,,,,,,,,,,,,,,,,,
,,,,,,,,,,,,,,,,,,,,,,,,,,,,,,
,,,,,,,,,,,,,,,,,,,,,,,,,,,,,,
